Datetime;Resolution code;Region;Measured & upscaled;Most recent forecast;Day Ahead 11AM Forecast;Day-ahead 6PM forecast;Week-ahead forecast;Monitored capacity;Load factor
2022-03-28T23:45:00+02:00;PT15M;Flanders;0.0;0.0;0.0;0.0;0.0;4276.4;0.0
2022-03-28T23:30:00+02:00;PT15M;Flanders;0.0;0.0;0.0;0.0;0.0;4276.4;0.0
2022-03-28T23:15:00+02:00;PT15M;Flanders;0.0;0.0;0.0;0.0;0.0;4276.4;0.0
2022-03-28T23:00:00+02:00;PT15M;Flanders;0.0;0.0;0.0;0.0;0.0;4276.4;0.0
2022-03-28T22:45:00+02:00;PT15M;Flanders;0.0;0.0;0.0;0.0;0.0;4276.4;0.0
2022-03-28T22:30:00+02:00;PT15M;Flanders;0.0;0.0;0.0;0.0;0.0;4276.4;0.0
2022-03-28T22:15:00+02:00;PT15M;Flanders;0.0;0.0;0.0;0.0;0.0;4276.4;0.0
2022-03-28T22:00:00+02:00;PT15M;Flanders;0.0;0.0;0.0;0.0;0.0;4276.4;0.0
2022-03-28T21:45:00+02:00;PT15M;Flanders;0.0;0.0;0.0;0.0;0.0;4276.4;0.0
2022-03-28T21:30:00+02:00;PT15M;Flanders;0.0;0.0;0.0;0.0;0.0;4276.4;0.0
2022-03-28T21:15:00+02:00;PT15M;Flanders;0.0;0.0;0.0;0.0;0.0;4276.4;0.0
2022-03-28T21:00:00+02:00;PT15M;Flanders;0.0;0.0;0.0;0.0;0.0;4276.4;0.0
2022-03-28T20:45:00+02:00;PT15M;Flanders;0.0;0.0;0.0;0.0;0.0;4276.4;0.0
2022-03-28T20:30:00+02:00;PT15M;Flanders;0.0;0.0;0.0;0.0;0.0;4276.4;0.0
2022-03-28T20:15:00+02:00;PT15M;Flanders;0.0;0.0;0.0;0.0;0.0;4276.4;0.0
2022-03-28T20:00:00+02:00;PT15M;Flanders;0.0;3.07;0.0;0.0;0.0;4276.4;0.0
2022-03-28T19:45:00+02:00;PT15M;Flanders;0.0;20.15;0.0;0.0;0.0;4276.4;0.0
2022-03-28T19:30:00+02:00;PT15M;Flanders;0.0;53.09;0.0;0.0;0.0;4276.4;0.0
2022-03-28T19:15:00+02:00;PT15M;Flanders;0.0;98.29;0.0;0.0;0.0;4276.4;0.0
2022-03-28T19:00:00+02:00;PT15M;Flanders;0.0;160.94;0.0;0.0;0.0;4276.4;0.0
2022-03-28T18:45:00+02:00;PT15M;Flanders;0.0;239.94;0.0;0.0;0.0;4276.4;0.0
2022-03-28T18:30:00+02:00;PT15M;Flanders;0.0;329.58;0.0;0.0;0.0;4276.4;0.0
2022-03-28T18:15:00+02:00;PT15M;Flanders;0.0;431.38;0.0;0.0;0.0;4276.4;0.0
2022-03-28T18:00:00+02:00;PT15M;Flanders;0.0;543.24;0.0;0.0;0.0;4276.4;0.0
2022-03-28T17:45:00+02:00;PT15M;Flanders;0.0;663.34;0.0;0.0;0.0;4276.4;0.0
2022-03-28T17:30:00+02:00;PT15M;Flanders;0.0;790.18;0.0;0.0;0.0;4276.4;0.0
2022-03-28T17:15:00+02:00;PT15M;Flanders;0.0;914.03;0.0;0.0;0.0;4276.4;0.0
2022-03-28T17:00:00+02:00;PT15M;Flanders;0.0;1030.59;0.0;0.0;0.0;4276.4;0.0
2022-03-28T16:45:00+02:00;PT15M;Flanders;0.0;1138.92;0.0;0.0;0.0;4276.4;0.0
2022-03-28T16:30:00+02:00;PT15M;Flanders;0.0;1241.1;0.0;0.0;0.0;4276.4;0.0
2022-03-28T16:15:00+02:00;PT15M;Flanders;0.0;1340.03;0.0;0.0;0.0;4276.4;0.0
2022-03-28T16:00:00+02:00;PT15M;Flanders;0.0;1435.05;0.0;0.0;0.0;4276.4;0.0
2022-03-28T15:45:00+02:00;PT15M;Flanders;0.0;1518.24;0.0;0.0;0.0;4276.4;0.0
2022-03-28T15:30:00+02:00;PT15M;Flanders;0.0;1588.8;0.0;0.0;0.0;4276.4;0.0
2022-03-28T15:15:00+02:00;PT15M;Flanders;0.0;1655.24;0.0;0.0;0.0;4276.4;0.0
2022-03-28T15:00:00+02:00;PT15M;Flanders;0.0;1718.14;0.0;0.0;0.0;4276.4;0.0
2022-03-28T14:45:00+02:00;PT15M;Flanders;0.0;1770.39;0.0;0.0;0.0;4276.4;0.0
2022-03-28T14:30:00+02:00;PT15M;Flanders;0.0;1810.89;0.0;0.0;0.0;4276.4;0.0
2022-03-28T14:15:00+02:00;PT15M;Flanders;0.0;1839.41;0.0;0.0;0.0;4276.4;0.0
2022-03-28T14:00:00+02:00;PT15M;Flanders;0.0;1855.02;0.0;0.0;0.0;4276.4;0.0
2022-03-28T13:45:00+02:00;PT15M;Flanders;0.0;1863.63;0.0;0.0;0.0;4276.4;0.0
2022-03-28T13:30:00+02:00;PT15M;Flanders;0.0;1863.02;0.0;0.0;0.0;4276.4;0.0
2022-03-28T13:15:00+02:00;PT15M;Flanders;0.0;1846.63;0.0;0.0;0.0;4276.4;0.0
2022-03-28T13:00:00+02:00;PT15M;Flanders;0.0;1813.72;0.0;0.0;0.0;4276.4;0.0
2022-03-28T12:45:00+02:00;PT15M;Flanders;0.0;1771.19;0.0;0.0;0.0;4276.4;0.0
2022-03-28T12:30:00+02:00;PT15M;Flanders;0.0;1719.85;0.0;0.0;0.0;4276.4;0.0
2022-03-28T12:15:00+02:00;PT15M;Flanders;0.0;1656.46;0.0;0.0;0.0;4276.4;0.0
2022-03-28T12:00:00+02:00;PT15M;Flanders;0.0;1580.55;0.0;0.0;0.0;4276.4;0.0
2022-03-28T11:45:00+02:00;PT15M;Flanders;0.0;1495.3;0.0;0.0;0.0;4276.4;0.0
2022-03-28T11:30:00+02:00;PT15M;Flanders;0.0;1402.83;0.0;0.0;0.0;4276.4;0.0
2022-03-28T11:15:00+02:00;PT15M;Flanders;0.0;1304.31;0.0;0.0;0.0;4276.4;0.0
2022-03-28T11:00:00+02:00;PT15M;Flanders;0.0;1198.51;0.0;0.0;0.0;4276.4;0.0
2022-03-28T10:45:00+02:00;PT15M;Flanders;0.0;1088.92;0.0;0.0;0.0;4276.4;0.0
2022-03-28T10:30:00+02:00;PT15M;Flanders;0.0;980.37;0.0;0.0;0.0;4276.4;0.0
2022-03-28T10:15:00+02:00;PT15M;Flanders;0.0;877.75;0.0;0.0;0.0;4276.4;0.0
2022-03-28T10:00:00+02:00;PT15M;Flanders;0.0;776.16;0.0;0.0;0.0;4276.4;0.0
2022-03-28T09:45:00+02:00;PT15M;Flanders;0.0;669.42;0.0;0.0;0.0;4276.4;0.0
2022-03-28T09:30:00+02:00;PT15M;Flanders;0.0;562.07;0.0;0.0;0.0;4276.4;0.0
2022-03-28T09:15:00+02:00;PT15M;Flanders;0.0;460.97;0.0;0.0;0.0;4276.4;0.0
2022-03-28T09:00:00+02:00;PT15M;Flanders;0.0;365.84;0.0;0.0;0.0;4276.4;0.0
2022-03-28T08:45:00+02:00;PT15M;Flanders;0.0;275.48;0.0;0.0;0.0;4276.4;0.0
2022-03-28T08:30:00+02:00;PT15M;Flanders;0.0;192.88;0.0;0.0;0.0;4276.4;0.0
2022-03-28T08:15:00+02:00;PT15M;Flanders;0.0;122.97;0.0;0.0;0.0;4276.4;0.0
2022-03-28T08:00:00+02:00;PT15M;Flanders;0.0;69.93;0.0;0.0;0.0;4276.4;0.0
2022-03-28T07:45:00+02:00;PT15M;Flanders;0.0;33.03;0.0;0.0;0.0;4276.4;0.0
2022-03-28T07:30:00+02:00;PT15M;Flanders;0.0;9.12;0.0;0.0;0.0;4276.4;0.0
2022-03-28T07:15:00+02:00;PT15M;Flanders;0.0;0.11;0.0;0.0;0.0;4276.4;0.0
2022-03-28T07:00:00+02:00;PT15M;Flanders;0.0;0.0;0.0;0.0;0.0;4276.4;0.0
2022-03-28T06:45:00+02:00;PT15M;Flanders;0.0;0.0;0.0;0.0;0.0;4276.4;0.0
2022-03-28T06:30:00+02:00;PT15M;Flanders;0.0;0.0;0.0;0.0;0.0;4276.4;0.0
2022-03-28T06:15:00+02:00;PT15M;Flanders;0.0;0.0;0.0;0.0;0.0;4276.4;0.0
2022-03-28T06:00:00+02:00;PT15M;Flanders;0.0;0.0;0.0;0.0;0.0;4276.4;0.0
2022-03-28T05:45:00+02:00;PT15M;Flanders;0.0;0.0;0.0;0.0;0.0;4276.4;0.0
2022-03-28T05:30:00+02:00;PT15M;Flanders;0.0;0.0;0.0;0.0;0.0;4276.4;0.0
2022-03-28T05:15:00+02:00;PT15M;Flanders;0.0;0.0;0.0;0.0;0.0;4276.4;0.0
2022-03-28T05:00:00+02:00;PT15M;Flanders;0.0;0.0;0.0;0.0;0.0;4276.4;0.0
2022-03-28T04:45:00+02:00;PT15M;Flanders;0.0;0.0;0.0;0.0;0.0;4276.4;0.0
2022-03-28T04:30:00+02:00;PT15M;Flanders;0.0;0.0;0.0;0.0;0.0;4276.4;0.0
2022-03-28T04:15:00+02:00;PT15M;Flanders;0.0;0.0;0.0;0.0;0.0;4276.4;0.0
2022-03-28T04:00:00+02:00;PT15M;Flanders;0.0;0.0;0.0;0.0;0.0;4276.4;0.0
2022-03-28T03:45:00+02:00;PT15M;Flanders;0.0;0.0;0.0;0.0;0.0;4276.4;0.0
2022-03-28T03:30:00+02:00;PT15M;Flanders;0.0;0.0;0.0;0.0;0.0;4276.4;0.0
2022-03-28T03:15:00+02:00;PT15M;Flanders;0.0;0.0;0.0;0.0;0.0;4276.4;0.0
2022-03-28T03:00:00+02:00;PT15M;Flanders;0.0;0.0;0.0;0.0;0.0;4276.4;0.0
2022-03-28T02:45:00+02:00;PT15M;Flanders;0.0;0.0;0.0;0.0;0.0;4276.4;0.0
2022-03-28T02:30:00+02:00;PT15M;Flanders;0.0;0.0;0.0;0.0;0.0;4276.4;0.0
2022-03-28T02:15:00+02:00;PT15M;Flanders;0.0;0.0;0.0;0.0;0.0;4276.4;0.0
2022-03-28T02:00:00+02:00;PT15M;Flanders;0.0;0.0;0.0;0.0;0.0;4276.4;0.0
2022-03-28T01:45:00+02:00;PT15M;Flanders;0.0;0.0;0.0;0.0;0.0;4276.4;0.0
2022-03-28T01:30:00+02:00;PT15M;Flanders;0.0;0.0;0.0;0.0;0.0;4276.4;0.0
2022-03-28T01:15:00+02:00;PT15M;Flanders;0.0;0.0;0.0;0.0;0.0;4276.4;0.0
2022-03-28T01:00:00+02:00;PT15M;Flanders;0.0;0.0;0.0;0.0;0.0;4276.4;0.0
2022-03-28T00:45:00+02:00;PT15M;Flanders;0.0;0.0;0.0;0.0;0.0;4276.4;0.0
2022-03-28T00:30:00+02:00;PT15M;Flanders;0.0;0.0;0.0;0.0;0.0;4276.4;0.0
2022-03-28T00:15:00+02:00;PT15M;Flanders;0.0;0.0;0.0;0.0;0.0;4276.4;0.0
2022-03-28T00:00:00+02:00;PT15M;Flanders;0.0;0.0;0.0;0.0;0.0;4276.4;0.0
2022-03-27T23:45:00+02:00;PT15M;Flanders;0.0;0.0;0.0;0.0;0.0;4276.4;0.0
2022-03-27T23:30:00+02:00;PT15M;Flanders;0.0;0.0;0.0;0.0;0.0;4276.4;0.0
2022-03-27T23:15:00+02:00;PT15M;Flanders;0.0;0.0;0.0;0.0;0.0;4276.4;0.0
2022-03-27T23:00:00+02:00;PT15M;Flanders;0.0;0.0;0.0;0.0;0.0;4276.4;0.0
2022-03-27T22:45:00+02:00;PT15M;Flanders;0.0;0.0;0.0;0.0;0.0;4276.4;0.0
2022-03-27T22:30:00+02:00;PT15M;Flanders;0.0;0.0;0.0;0.0;0.0;4276.4;0.0
2022-03-27T22:15:00+02:00;PT15M;Flanders;0.0;0.0;0.0;0.0;0.0;4276.4;0.0
2022-03-27T22:00:00+02:00;PT15M;Flanders;0.0;0.0;0.0;0.0;0.0;4276.4;0.0
2022-03-27T21:45:00+02:00;PT15M;Flanders;0.0;0.0;0.0;0.0;0.0;4276.4;0.0
2022-03-27T21:30:00+02:00;PT15M;Flanders;0.0;0.0;0.0;0.0;0.0;4276.4;0.0
2022-03-27T21:15:00+02:00;PT15M;Flanders;0.0;0.0;0.0;0.0;0.0;4276.4;0.0
2022-03-27T21:00:00+02:00;PT15M;Flanders;0.0;0.0;0.0;0.0;0.0;4276.4;0.0
2022-03-27T20:45:00+02:00;PT15M;Flanders;0.0;0.0;0.0;0.0;0.0;4276.4;0.0
2022-03-27T20:30:00+02:00;PT15M;Flanders;0.0;0.0;0.0;0.0;0.0;4276.4;0.0
2022-03-27T20:15:00+02:00;PT15M;Flanders;0.0;0.0;0.0;0.0;0.0;4276.4;0.0
2022-03-27T20:00:00+02:00;PT15M;Flanders;0.0;2.22;0.0;0.0;3.05;4276.4;0.0
2022-03-27T19:45:00+02:00;PT15M;Flanders;0.0;17.29;0.0;0.0;23.66;4276.4;0.0
2022-03-27T19:30:00+02:00;PT15M;Flanders;0.0;49.1;0.0;0.0;67.26;4276.4;0.0
2022-03-27T19:15:00+02:00;PT15M;Flanders;0.0;96.11;0.0;0.0;138.36;4276.4;0.0
2022-03-27T19:00:00+02:00;PT15M;Flanders;0.0;163.0;0.0;0.0;250.07;4276.4;0.0
2022-03-27T18:45:00+02:00;PT15M;Flanders;0.0;247.15;0.0;0.0;395.86;4276.4;0.0
2022-03-27T18:30:00+02:00;PT15M;Flanders;0.0;342.83;0.0;0.0;567.35;4276.4;0.0
2022-03-27T18:15:00+02:00;PT15M;Flanders;0.0;445.94;0.0;0.0;762.59;4276.4;0.0
2022-03-27T18:00:00+02:00;PT15M;Flanders;0.0;552.44;0.0;0.0;973.36;4276.4;0.0
2022-03-27T17:45:00+02:00;PT15M;Flanders;0.0;660.82;0.0;0.0;1193.19;4276.4;0.0
2022-03-27T17:30:00+02:00;PT15M;Flanders;0.0;768.27;0.0;0.0;1413.13;4276.4;0.0
2022-03-27T17:15:00+02:00;PT15M;Flanders;0.0;871.31;0.0;0.0;1619.58;4276.4;0.0
2022-03-27T17:00:00+02:00;PT15M;Flanders;0.0;968.84;0.0;0.0;1810.45;4276.4;0.0
2022-03-27T16:45:00+02:00;PT15M;Flanders;0.0;1065.01;0.0;0.0;1986.99;4276.4;0.0
2022-03-27T16:30:00+02:00;PT15M;Flanders;0.0;1161.44;0.0;0.0;2147.87;4276.4;0.0
2022-03-27T16:15:00+02:00;PT15M;Flanders;0.0;1253.9;0.0;0.0;2289.25;4276.4;0.0
2022-03-27T16:00:00+02:00;PT15M;Flanders;0.0;1341.85;0.0;0.0;2415.42;4276.4;0.0
2022-03-27T15:45:00+02:00;PT15M;Flanders;0.0;1421.63;0.0;0.0;2521.85;4276.4;0.0
2022-03-27T15:30:00+02:00;PT15M;Flanders;0.0;1495.88;0.0;0.0;2611.53;4276.4;0.0
2022-03-27T15:15:00+02:00;PT15M;Flanders;0.0;1578.09;0.0;0.0;2682.38;4276.4;0.0
2022-03-27T15:00:00+02:00;PT15M;Flanders;0.0;1667.56;0.0;0.0;2737.73;4276.4;0.0
2022-03-27T14:45:00+02:00;PT15M;Flanders;0.0;1752.3;0.0;0.0;2783.87;4276.4;0.0
2022-03-27T14:30:00+02:00;PT15M;Flanders;0.0;1829.9;0.0;0.0;2816.66;4276.4;0.0
2022-03-27T14:15:00+02:00;PT15M;Flanders;0.0;1903.25;0.0;0.0;2835.25;4276.4;0.0
2022-03-27T14:00:00+02:00;PT15M;Flanders;0.0;1971.71;0.0;0.0;2835.83;4276.4;0.0
2022-03-27T13:45:00+02:00;PT15M;Flanders;0.0;2035.41;0.0;0.0;2828.92;4276.4;0.0
2022-03-27T13:30:00+02:00;PT15M;Flanders;0.0;2087.77;0.0;0.0;2809.77;4276.4;0.0
2022-03-27T13:15:00+02:00;PT15M;Flanders;0.0;2118.55;0.0;0.0;2779.16;4276.4;0.0
2022-03-27T13:00:00+02:00;PT15M;Flanders;0.0;2129.44;0.0;0.0;2737.16;4276.4;0.0
2022-03-27T12:45:00+02:00;PT15M;Flanders;0.0;2131.22;0.0;0.0;2684.12;4276.4;0.0
2022-03-27T12:30:00+02:00;PT15M;Flanders;0.0;2122.66;0.0;0.0;2618.42;4276.4;0.0
2022-03-27T12:15:00+02:00;PT15M;Flanders;0.0;2098.45;0.0;0.0;2541.92;4276.4;0.0
2022-03-27T12:00:00+02:00;PT15M;Flanders;0.0;2055.27;0.0;0.0;2455.08;4276.4;0.0
2022-03-27T11:45:00+02:00;PT15M;Flanders;0.0;1995.77;0.0;0.0;2351.24;4276.4;0.0
2022-03-27T11:30:00+02:00;PT15M;Flanders;0.0;1923.17;0.0;0.0;2231.36;4276.4;0.0
2022-03-27T11:15:00+02:00;PT15M;Flanders;0.0;1839.67;0.0;0.0;2104.77;4276.4;0.0
2022-03-27T11:00:00+02:00;PT15M;Flanders;0.0;1729.6;0.0;0.0;1962.31;4276.4;0.0
2022-03-27T10:45:00+02:00;PT15M;Flanders;0.0;1595.89;0.0;0.0;1810.15;4276.4;0.0
2022-03-27T10:30:00+02:00;PT15M;Flanders;0.0;1452.15;0.0;0.0;1654.09;4276.4;0.0
2022-03-27T10:15:00+02:00;PT15M;Flanders;0.0;1308.38;0.0;0.0;1494.11;4276.4;0.0
2022-03-27T10:00:00+02:00;PT15M;Flanders;0.0;1156.36;0.0;0.0;1323.12;4276.4;0.0
2022-03-27T09:45:00+02:00;PT15M;Flanders;0.0;991.99;0.0;0.0;1140.33;4276.4;0.0
2022-03-27T09:30:00+02:00;PT15M;Flanders;0.0;825.82;0.0;0.0;950.67;4276.4;0.0
2022-03-27T09:15:00+02:00;PT15M;Flanders;0.0;671.67;0.0;0.0;767.88;4276.4;0.0
2022-03-27T09:00:00+02:00;PT15M;Flanders;0.0;527.82;0.0;0.0;597.94;4276.4;0.0
2022-03-27T08:45:00+02:00;PT15M;Flanders;0.0;391.27;0.0;0.0;440.02;4276.4;0.0
2022-03-27T08:30:00+02:00;PT15M;Flanders;0.0;266.93;0.0;0.0;297.79;4276.4;0.0
2022-03-27T08:15:00+02:00;PT15M;Flanders;0.0;163.88;0.0;0.0;179.54;4276.4;0.0
2022-03-27T08:00:00+02:00;PT15M;Flanders;0.0;88.72;0.0;0.0;94.67;4276.4;0.0
2022-03-27T07:45:00+02:00;PT15M;Flanders;0.0;39.35;0.0;0.0;41.45;4276.4;0.0
2022-03-27T07:30:00+02:00;PT15M;Flanders;0.0;9.97;0.0;0.0;10.61;4276.4;0.0
2022-03-27T07:15:00+02:00;PT15M;Flanders;0.0;0.01;0.0;0.0;0.01;4276.4;0.0
2022-03-27T07:00:00+02:00;PT15M;Flanders;0.0;0.0;0.0;0.0;0.0;4276.4;0.0
2022-03-27T06:45:00+02:00;PT15M;Flanders;0.0;0.0;0.0;0.0;0.0;4276.4;0.0
2022-03-27T06:30:00+02:00;PT15M;Flanders;0.0;0.0;0.0;0.0;0.0;4276.4;0.0
2022-03-27T06:15:00+02:00;PT15M;Flanders;0.0;0.0;0.0;0.0;0.0;4276.4;0.0
2022-03-27T06:00:00+02:00;PT15M;Flanders;0.0;0.0;0.0;0.0;0.0;4276.4;0.0
2022-03-27T05:45:00+02:00;PT15M;Flanders;0.0;0.0;0.0;0.0;0.0;4276.4;0.0
2022-03-27T05:30:00+02:00;PT15M;Flanders;0.0;0.0;0.0;0.0;0.0;4276.4;0.0
2022-03-27T05:15:00+02:00;PT15M;Flanders;0.0;0.0;0.0;0.0;0.0;4276.4;0.0
2022-03-27T05:00:00+02:00;PT15M;Flanders;0.0;0.0;0.0;0.0;0.0;4276.4;0.0
2022-03-27T04:45:00+02:00;PT15M;Flanders;0.0;0.0;0.0;0.0;0.0;4276.4;0.0
2022-03-27T04:30:00+02:00;PT15M;Flanders;0.0;0.0;0.0;0.0;0.0;4276.4;0.0
2022-03-27T04:15:00+02:00;PT15M;Flanders;0.0;0.0;0.0;0.0;0.0;4276.4;0.0
2022-03-27T04:00:00+02:00;PT15M;Flanders;0.0;0.0;0.0;0.0;0.0;4276.4;0.0
2022-03-27T03:45:00+02:00;PT15M;Flanders;0.0;0.0;0.0;0.0;0.0;4276.4;0.0
2022-03-27T03:30:00+02:00;PT15M;Flanders;0.0;0.0;0.0;0.0;0.0;4276.4;0.0
2022-03-27T03:15:00+02:00;PT15M;Flanders;0.0;0.0;0.0;0.0;0.0;4276.4;0.0
2022-03-27T03:00:00+02:00;PT15M;Flanders;0.0;0.0;0.0;0.0;0.0;4276.4;0.0
2022-03-27T01:45:00+01:00;PT15M;Flanders;0.0;0.0;0.0;0.0;0.0;4276.4;0.0
2022-03-27T01:30:00+01:00;PT15M;Flanders;0.0;0.0;0.0;0.0;0.0;4276.4;0.0
2022-03-27T01:15:00+01:00;PT15M;Flanders;0.0;0.0;0.0;0.0;0.0;4276.4;0.0
2022-03-27T01:00:00+01:00;PT15M;Flanders;0.0;0.0;0.0;0.0;0.0;4276.4;0.0
2022-03-27T00:45:00+01:00;PT15M;Flanders;0.0;0.0;0.0;0.0;0.0;4276.4;0.0
2022-03-27T00:30:00+01:00;PT15M;Flanders;0.0;0.0;0.0;0.0;0.0;4276.4;0.0
2022-03-27T00:15:00+01:00;PT15M;Flanders;0.0;0.0;0.0;0.0;0.0;4276.4;0.0
2022-03-27T00:00:00+01:00;PT15M;Flanders;0.0;0.0;0.0;0.0;0.0;4276.4;0.0
2022-03-26T23:45:00+01:00;PT15M;Flanders;0.0;0.0;0.0;0.0;0.0;4276.4;0.0
2022-03-26T23:30:00+01:00;PT15M;Flanders;0.0;0.0;0.0;0.0;0.0;4276.4;0.0
2022-03-26T23:15:00+01:00;PT15M;Flanders;0.0;0.0;0.0;0.0;0.0;4276.4;0.0
2022-03-26T23:00:00+01:00;PT15M;Flanders;0.0;0.0;0.0;0.0;0.0;4276.4;0.0
2022-03-26T22:45:00+01:00;PT15M;Flanders;0.0;0.0;0.0;0.0;0.0;4276.4;0.0
2022-03-26T22:30:00+01:00;PT15M;Flanders;0.0;0.0;0.0;0.0;0.0;4276.4;0.0
2022-03-26T22:15:00+01:00;PT15M;Flanders;0.0;0.0;0.0;0.0;0.0;4276.4;0.0
2022-03-26T22:00:00+01:00;PT15M;Flanders;0.0;0.0;0.0;0.0;0.0;4276.4;0.0
2022-03-26T21:45:00+01:00;PT15M;Flanders;0.0;0.0;0.0;0.0;0.0;4276.4;0.0
2022-03-26T21:30:00+01:00;PT15M;Flanders;0.0;0.0;0.0;0.0;0.0;4276.4;0.0
2022-03-26T21:15:00+01:00;PT15M;Flanders;0.0;0.0;0.0;0.0;0.0;4276.4;0.0
2022-03-26T21:00:00+01:00;PT15M;Flanders;0.0;0.0;0.0;0.0;0.0;4276.4;0.0
2022-03-26T20:45:00+01:00;PT15M;Flanders;0.0;0.0;0.0;0.0;0.0;4276.4;0.0
2022-03-26T20:30:00+01:00;PT15M;Flanders;0.0;0.0;0.0;0.0;0.0;4276.4;0.0
2022-03-26T20:15:00+01:00;PT15M;Flanders;0.0;0.0;0.0;0.0;0.0;4276.4;0.0
2022-03-26T20:00:00+01:00;PT15M;Flanders;0.0;0.0;0.0;0.0;0.0;4276.4;0.0
2022-03-26T19:45:00+01:00;PT15M;Flanders;0.0;0.0;0.0;0.0;0.0;4276.4;0.0
2022-03-26T19:30:00+01:00;PT15M;Flanders;0.0;0.0;0.0;0.0;0.0;4276.4;0.0
2022-03-26T19:15:00+01:00;PT15M;Flanders;0.0;0.0;0.0;0.0;0.0;4276.4;0.0
2022-03-26T19:00:00+01:00;PT15M;Flanders;0.0;1.8;0.0;0.0;1.62;4276.4;0.0
2022-03-26T18:45:00+01:00;PT15M;Flanders;0.0;20.17;0.0;0.0;19.16;4276.4;0.0
2022-03-26T18:30:00+01:00;PT15M;Flanders;0.0;62.28;0.0;0.0;58.34;4276.4;0.0
2022-03-26T18:15:00+01:00;PT15M;Flanders;0.0;130.39;0.0;0.0;116.71;4276.4;0.0
2022-03-26T18:00:00+01:00;PT15M;Flanders;0.0;236.0;0.0;0.0;202.37;4276.4;0.0
2022-03-26T17:45:00+01:00;PT15M;Flanders;0.0;373.77;0.0;0.0;312.92;4276.4;0.0
2022-03-26T17:30:00+01:00;PT15M;Flanders;0.0;533.83;0.0;0.0;440.66;4276.4;0.0
2022-03-26T17:15:00+01:00;PT15M;Flanders;0.0;713.07;0.0;0.0;579.6;4276.4;0.0
2022-03-26T17:00:00+01:00;PT15M;Flanders;0.0;905.01;0.0;0.0;721.67;4276.4;0.0
2022-03-26T16:45:00+01:00;PT15M;Flanders;0.0;1106.8;0.0;0.0;864.29;4276.4;0.0
2022-03-26T16:30:00+01:00;PT15M;Flanders;0.0;1309.91;0.0;0.0;1008.96;4276.4;0.0
2022-03-26T16:15:00+01:00;PT15M;Flanders;0.0;1500.13;0.0;0.0;1153.54;4276.4;0.0
2022-03-26T16:00:00+01:00;PT15M;Flanders;0.0;1677.11;0.0;0.0;1292.86;4276.4;0.0
2022-03-26T15:45:00+01:00;PT15M;Flanders;0.0;1845.14;0.0;0.0;1419.83;4276.4;0.0
2022-03-26T15:30:00+01:00;PT15M;Flanders;0.0;2003.33;0.0;0.0;1533.6;4276.4;0.0
2022-03-26T15:15:00+01:00;PT15M;Flanders;0.0;2149.39;0.0;0.0;1638.12;4276.4;0.0
2022-03-26T15:00:00+01:00;PT15M;Flanders;0.0;2284.28;0.0;0.0;1737.67;4276.4;0.0
2022-03-26T14:45:00+01:00;PT15M;Flanders;0.0;2399.49;0.0;0.0;1824.91;4276.4;0.0
2022-03-26T14:30:00+01:00;PT15M;Flanders;0.0;2500.99;0.0;0.0;1901.75;4276.4;0.0
2022-03-26T14:15:00+01:00;PT15M;Flanders;0.0;2592.81;0.0;0.0;1965.94;4276.4;0.0
2022-03-26T14:00:00+01:00;PT15M;Flanders;0.0;2669.91;0.0;0.0;2014.71;4276.4;0.0
2022-03-26T13:45:00+01:00;PT15M;Flanders;0.0;2735.3;0.0;0.0;2053.7;4276.4;0.0
2022-03-26T13:30:00+01:00;PT15M;Flanders;0.0;2787.46;0.0;0.0;2081.42;4276.4;0.0
2022-03-26T13:15:00+01:00;PT15M;Flanders;0.0;2825.64;0.0;0.0;2111.72;4276.4;0.0
2022-03-26T13:00:00+01:00;PT15M;Flanders;0.0;2845.84;0.0;0.0;2140.37;4276.4;0.0
2022-03-26T12:45:00+01:00;PT15M;Flanders;0.0;2858.79;0.0;0.0;2161.91;4276.4;0.0
2022-03-26T12:30:00+01:00;PT15M;Flanders;0.0;2859.18;0.0;0.0;2171.38;4276.4;0.0
2022-03-26T12:15:00+01:00;PT15M;Flanders;0.0;2847.68;0.0;0.0;2191.81;4276.4;0.0
2022-03-26T12:00:00+01:00;PT15M;Flanders;0.0;2823.57;0.0;0.0;2222.25;4276.4;0.0
2022-03-26T11:45:00+01:00;PT15M;Flanders;0.0;2786.8;0.0;0.0;2239.98;4276.4;0.0
2022-03-26T11:30:00+01:00;PT15M;Flanders;0.0;2726.89;0.0;0.0;2240.32;4276.4;0.0
2022-03-26T11:15:00+01:00;PT15M;Flanders;0.0;2646.31;0.0;0.0;2192.94;4276.4;0.0
2022-03-26T11:00:00+01:00;PT15M;Flanders;0.0;2546.86;0.0;0.0;2098.66;4276.4;0.0
2022-03-26T10:45:00+01:00;PT15M;Flanders;0.0;2426.49;0.0;0.0;1987.58;4276.4;0.0
2022-03-26T10:30:00+01:00;PT15M;Flanders;0.0;2291.62;0.0;0.0;1865.81;4276.4;0.0
2022-03-26T10:15:00+01:00;PT15M;Flanders;0.0;2150.78;0.0;0.0;1746.96;4276.4;0.0
2022-03-26T10:00:00+01:00;PT15M;Flanders;0.0;1992.07;0.0;0.0;1618.06;4276.4;0.0
2022-03-26T09:45:00+01:00;PT15M;Flanders;0.0;1819.59;0.0;0.0;1479.85;4276.4;0.0
2022-03-26T09:30:00+01:00;PT15M;Flanders;0.0;1644.07;0.0;0.0;1337.57;4276.4;0.0
2022-03-26T09:15:00+01:00;PT15M;Flanders;0.0;1469.9;0.0;0.0;1196.6;4276.4;0.0
2022-03-26T09:00:00+01:00;PT15M;Flanders;0.0;1289.75;0.0;0.0;1053.16;4276.4;0.0
2022-03-26T08:45:00+01:00;PT15M;Flanders;0.0;1101.74;0.0;0.0;906.34;4276.4;0.0
2022-03-26T08:30:00+01:00;PT15M;Flanders;0.0;910.98;0.0;0.0;759.85;4276.4;0.0
2022-03-26T08:15:00+01:00;PT15M;Flanders;0.0;731.11;0.0;0.0;616.53;4276.4;0.0
2022-03-26T08:00:00+01:00;PT15M;Flanders;0.0;565.28;0.0;0.0;480.21;4276.4;0.0
2022-03-26T07:45:00+01:00;PT15M;Flanders;0.0;410.75;0.0;0.0;353.81;4276.4;0.0
2022-03-26T07:30:00+01:00;PT15M;Flanders;0.0;272.78;0.0;0.0;239.94;4276.4;0.0
2022-03-26T07:15:00+01:00;PT15M;Flanders;0.0;160.42;0.0;0.0;146.75;4276.4;0.0
2022-03-26T07:00:00+01:00;PT15M;Flanders;0.0;81.94;0.0;0.0;78.83;4276.4;0.0
2022-03-26T06:45:00+01:00;PT15M;Flanders;0.0;33.27;0.0;0.0;32.77;4276.4;0.0
2022-03-26T06:30:00+01:00;PT15M;Flanders;0.0;7.36;0.0;0.0;7.1;4276.4;0.0
2022-03-26T06:15:00+01:00;PT15M;Flanders;0.0;0.0;0.0;0.0;0.0;4276.4;0.0
2022-03-26T06:00:00+01:00;PT15M;Flanders;0.0;0.0;0.0;0.0;0.0;4276.4;0.0
2022-03-26T05:45:00+01:00;PT15M;Flanders;0.0;0.0;0.0;0.0;0.0;4276.4;0.0
2022-03-26T05:30:00+01:00;PT15M;Flanders;0.0;0.0;0.0;0.0;0.0;4276.4;0.0
2022-03-26T05:15:00+01:00;PT15M;Flanders;0.0;0.0;0.0;0.0;0.0;4276.4;0.0
2022-03-26T05:00:00+01:00;PT15M;Flanders;0.0;0.0;0.0;0.0;0.0;4276.4;0.0
2022-03-26T04:45:00+01:00;PT15M;Flanders;0.0;0.0;0.0;0.0;0.0;4276.4;0.0
2022-03-26T04:30:00+01:00;PT15M;Flanders;0.0;0.0;0.0;0.0;0.0;4276.4;0.0
2022-03-26T04:15:00+01:00;PT15M;Flanders;0.0;0.0;0.0;0.0;0.0;4276.4;0.0
2022-03-26T04:00:00+01:00;PT15M;Flanders;0.0;0.0;0.0;0.0;0.0;4276.4;0.0
2022-03-26T03:45:00+01:00;PT15M;Flanders;0.0;0.0;0.0;0.0;0.0;4276.4;0.0
2022-03-26T03:30:00+01:00;PT15M;Flanders;0.0;0.0;0.0;0.0;0.0;4276.4;0.0
2022-03-26T03:15:00+01:00;PT15M;Flanders;0.0;0.0;0.0;0.0;0.0;4276.4;0.0
2022-03-26T03:00:00+01:00;PT15M;Flanders;0.0;0.0;0.0;0.0;0.0;4276.4;0.0
2022-03-26T02:45:00+01:00;PT15M;Flanders;0.0;0.0;0.0;0.0;0.0;4276.4;0.0
2022-03-26T02:30:00+01:00;PT15M;Flanders;0.0;0.0;0.0;0.0;0.0;4276.4;0.0
2022-03-26T02:15:00+01:00;PT15M;Flanders;0.0;0.0;0.0;0.0;0.0;4276.4;0.0
2022-03-26T02:00:00+01:00;PT15M;Flanders;0.0;0.0;0.0;0.0;0.0;4276.4;0.0
2022-03-26T01:45:00+01:00;PT15M;Flanders;0.0;0.0;0.0;0.0;0.0;4276.4;0.0
2022-03-26T01:30:00+01:00;PT15M;Flanders;0.0;0.0;0.0;0.0;0.0;4276.4;0.0
2022-03-26T01:15:00+01:00;PT15M;Flanders;0.0;0.0;0.0;0.0;0.0;4276.4;0.0
2022-03-26T01:00:00+01:00;PT15M;Flanders;0.0;0.0;0.0;0.0;0.0;4276.4;0.0
2022-03-26T00:45:00+01:00;PT15M;Flanders;0.0;0.0;0.0;0.0;0.0;4276.4;0.0
2022-03-26T00:30:00+01:00;PT15M;Flanders;0.0;0.0;0.0;0.0;0.0;4276.4;0.0
2022-03-26T00:15:00+01:00;PT15M;Flanders;0.0;0.0;0.0;0.0;0.0;4276.4;0.0
2022-03-26T00:00:00+01:00;PT15M;Flanders;0.0;0.0;0.0;0.0;0.0;4276.4;0.0
2022-03-25T23:45:00+01:00;PT15M;Flanders;0.0;0.0;0.0;0.0;0.0;4276.4;0.0
2022-03-25T23:30:00+01:00;PT15M;Flanders;0.0;0.0;0.0;0.0;0.0;4276.4;0.0
2022-03-25T23:15:00+01:00;PT15M;Flanders;0.0;0.0;0.0;0.0;0.0;4276.4;0.0
2022-03-25T23:00:00+01:00;PT15M;Flanders;0.0;0.0;0.0;0.0;0.0;4276.4;0.0
2022-03-25T22:45:00+01:00;PT15M;Flanders;0.0;0.0;0.0;0.0;0.0;4276.4;0.0
2022-03-25T22:30:00+01:00;PT15M;Flanders;0.0;0.0;0.0;0.0;0.0;4276.4;0.0
2022-03-25T22:15:00+01:00;PT15M;Flanders;0.0;0.0;0.0;0.0;0.0;4276.4;0.0
2022-03-25T22:00:00+01:00;PT15M;Flanders;0.0;0.0;0.0;0.0;0.0;4276.4;0.0
2022-03-25T21:45:00+01:00;PT15M;Flanders;0.0;0.0;0.0;0.0;0.0;4276.4;0.0
2022-03-25T21:30:00+01:00;PT15M;Flanders;0.0;0.0;0.0;0.0;0.0;4276.4;0.0
2022-03-25T21:15:00+01:00;PT15M;Flanders;0.0;0.0;0.0;0.0;0.0;4276.4;0.0
2022-03-25T21:00:00+01:00;PT15M;Flanders;0.0;0.0;0.0;0.0;0.0;4276.4;0.0
2022-03-25T20:45:00+01:00;PT15M;Flanders;0.0;0.0;0.0;0.0;0.0;4276.4;0.0
2022-03-25T20:30:00+01:00;PT15M;Flanders;0.0;0.0;0.0;0.0;0.0;4276.4;0.0
2022-03-25T20:15:00+01:00;PT15M;Flanders;0.0;0.0;0.0;0.0;0.0;4276.4;0.0
2022-03-25T20:00:00+01:00;PT15M;Flanders;0.0;0.0;0.0;0.0;0.0;4276.4;0.0
2022-03-25T19:45:00+01:00;PT15M;Flanders;0.0;0.0;0.0;0.0;0.0;4276.4;0.0
2022-03-25T19:30:00+01:00;PT15M;Flanders;0.0;0.0;0.0;0.0;0.0;4276.4;0.0
2022-03-25T19:15:00+01:00;PT15M;Flanders;0.0;0.0;0.0;0.0;0.0;4276.4;0.0
2022-03-25T19:00:00+01:00;PT15M;Flanders;0.0;0.94;0.0;0.0;0.91;4276.4;0.0
2022-03-25T18:45:00+01:00;PT15M;Flanders;0.0;17.96;0.0;0.0;16.7;4276.4;0.0
2022-03-25T18:30:00+01:00;PT15M;Flanders;0.0;59.15;0.0;0.0;54.56;4276.4;0.0
2022-03-25T18:15:00+01:00;PT15M;Flanders;0.0;127.94;0.0;0.0;113.52;4276.4;0.0
2022-03-25T18:00:00+01:00;PT15M;Flanders;0.0;233.06;0.0;0.0;201.36;4276.4;0.0
2022-03-25T17:45:00+01:00;PT15M;Flanders;0.0;367.69;0.0;0.0;315.1;4276.4;0.0
2022-03-25T17:30:00+01:00;PT15M;Flanders;0.0;523.85;0.0;0.0;448.48;4276.4;0.0
2022-03-25T17:15:00+01:00;PT15M;Flanders;0.0;694.61;0.0;0.0;604.27;4276.4;0.0
2022-03-25T17:00:00+01:00;PT15M;Flanders;0.0;869.11;0.0;0.0;777.25;4276.4;0.0
2022-03-25T16:45:00+01:00;PT15M;Flanders;0.0;1045.04;0.0;0.0;961.1;4276.4;0.0
2022-03-25T16:30:00+01:00;PT15M;Flanders;0.0;1221.37;0.0;0.0;1154.54;4276.4;0.0
2022-03-25T16:15:00+01:00;PT15M;Flanders;0.0;1392.83;0.0;0.0;1337.97;4276.4;0.0
2022-03-25T16:00:00+01:00;PT15M;Flanders;0.0;1556.46;0.0;0.0;1503.68;4276.4;0.0
2022-03-25T15:45:00+01:00;PT15M;Flanders;0.0;1706.5;0.0;0.0;1654.21;4276.4;0.0
2022-03-25T15:30:00+01:00;PT15M;Flanders;0.0;1838.18;0.0;0.0;1785.93;4276.4;0.0
2022-03-25T15:15:00+01:00;PT15M;Flanders;0.0;1959.56;0.0;0.0;1905.11;4276.4;0.0
2022-03-25T15:00:00+01:00;PT15M;Flanders;0.0;2072.13;0.0;0.0;2013.25;4276.4;0.0
2022-03-25T14:45:00+01:00;PT15M;Flanders;0.0;2162.43;0.0;0.0;2104.15;4276.4;0.0
2022-03-25T14:30:00+01:00;PT15M;Flanders;0.0;2238.58;0.0;0.0;2177.77;4276.4;0.0
2022-03-25T14:15:00+01:00;PT15M;Flanders;0.0;2322.27;0.0;0.0;2230.15;4276.4;0.0
2022-03-25T14:00:00+01:00;PT15M;Flanders;0.0;2402.59;0.0;0.0;2254.77;4276.4;0.0
2022-03-25T13:45:00+01:00;PT15M;Flanders;0.0;2466.39;0.0;0.0;2266.8;4276.4;0.0
2022-03-25T13:30:00+01:00;PT15M;Flanders;0.0;2514.97;0.0;0.0;2267.57;4276.4;0.0
2022-03-25T13:15:00+01:00;PT15M;Flanders;0.0;2572.4;0.0;0.0;2230.77;4276.4;0.0
2022-03-25T13:00:00+01:00;PT15M;Flanders;0.0;2630.64;0.0;0.0;2151.63;4276.4;0.0
2022-03-25T12:45:00+01:00;PT15M;Flanders;0.0;2680.5;0.0;0.0;2071.05;4276.4;0.0
2022-03-25T12:30:00+01:00;PT15M;Flanders;0.0;2712.47;0.0;0.0;1989.05;4276.4;0.0
2022-03-25T12:15:00+01:00;PT15M;Flanders;0.0;2726.73;0.0;0.0;1925.48;4276.4;0.0
2022-03-25T12:00:00+01:00;PT15M;Flanders;0.0;2725.23;0.0;0.0;1878.14;4276.4;0.0
2022-03-25T11:45:00+01:00;PT15M;Flanders;0.0;2711.83;0.0;0.0;1826.88;4276.4;0.0
2022-03-25T11:30:00+01:00;PT15M;Flanders;0.0;2676.97;0.0;0.0;1769.89;4276.4;0.0
2022-03-25T11:15:00+01:00;PT15M;Flanders;0.0;2617.23;0.0;0.0;1706.99;4276.4;0.0
2022-03-25T11:00:00+01:00;PT15M;Flanders;0.0;2534.22;0.0;0.0;1638.5;4276.4;0.0
2022-03-25T10:45:00+01:00;PT15M;Flanders;0.0;2432.64;0.0;0.0;1563.11;4276.4;0.0
2022-03-25T10:30:00+01:00;PT15M;Flanders;0.0;2315.64;0.0;0.0;1480.63;4276.4;0.0
2022-03-25T10:15:00+01:00;PT15M;Flanders;0.0;2200.14;0.0;0.0;1391.93;4276.4;0.0
2022-03-25T10:00:00+01:00;PT15M;Flanders;0.0;2060.4;0.0;0.0;1283.39;4276.4;0.0
2022-03-25T09:45:00+01:00;PT15M;Flanders;0.0;1903.65;0.0;0.0;1172.32;4276.4;0.0
2022-03-25T09:30:00+01:00;PT15M;Flanders;0.0;1735.77;0.0;0.0;1059.71;4276.4;0.0
2022-03-25T09:15:00+01:00;PT15M;Flanders;0.0;1565.91;0.0;0.0;949.22;4276.4;0.0
2022-03-25T09:00:00+01:00;PT15M;Flanders;0.0;1390.12;0.0;0.0;837.22;4276.4;0.0
2022-03-25T08:45:00+01:00;PT15M;Flanders;0.0;1203.14;0.0;0.0;721.26;4276.4;0.0
2022-03-25T08:30:00+01:00;PT15M;Flanders;0.0;1010.34;0.0;0.0;604.98;4276.4;0.0
2022-03-25T08:15:00+01:00;PT15M;Flanders;0.0;816.19;0.0;0.0;489.58;4276.4;0.0
2022-03-25T08:00:00+01:00;PT15M;Flanders;0.0;627.35;0.0;0.0;379.82;4276.4;0.0
2022-03-25T07:45:00+01:00;PT15M;Flanders;0.0;453.56;0.0;0.0;280.61;4276.4;0.0
2022-03-25T07:30:00+01:00;PT15M;Flanders;0.0;298.61;0.0;0.0;191.08;4276.4;0.0
2022-03-25T07:15:00+01:00;PT15M;Flanders;0.0;172.04;0.0;0.0;116.43;4276.4;0.0
2022-03-25T07:00:00+01:00;PT15M;Flanders;0.0;84.29;0.0;0.0;61.23;4276.4;0.0
2022-03-25T06:45:00+01:00;PT15M;Flanders;0.0;31.23;0.0;0.0;23.5;4276.4;0.0
2022-03-25T06:30:00+01:00;PT15M;Flanders;0.0;5.67;0.0;0.0;4.24;4276.4;0.0
2022-03-25T06:15:00+01:00;PT15M;Flanders;0.0;0.0;0.0;0.0;0.0;4276.4;0.0
2022-03-25T06:00:00+01:00;PT15M;Flanders;0.0;0.0;0.0;0.0;0.0;4276.4;0.0
2022-03-25T05:45:00+01:00;PT15M;Flanders;0.0;0.0;0.0;0.0;0.0;4276.4;0.0
2022-03-25T05:30:00+01:00;PT15M;Flanders;0.0;0.0;0.0;0.0;0.0;4276.4;0.0
2022-03-25T05:15:00+01:00;PT15M;Flanders;0.0;0.0;0.0;0.0;0.0;4276.4;0.0
2022-03-25T05:00:00+01:00;PT15M;Flanders;0.0;0.0;0.0;0.0;0.0;4276.4;0.0
2022-03-25T04:45:00+01:00;PT15M;Flanders;0.0;0.0;0.0;0.0;0.0;4276.4;0.0
2022-03-25T04:30:00+01:00;PT15M;Flanders;0.0;0.0;0.0;0.0;0.0;4276.4;0.0
2022-03-25T04:15:00+01:00;PT15M;Flanders;0.0;0.0;0.0;0.0;0.0;4276.4;0.0
2022-03-25T04:00:00+01:00;PT15M;Flanders;0.0;0.0;0.0;0.0;0.0;4276.4;0.0
2022-03-25T03:45:00+01:00;PT15M;Flanders;0.0;0.0;0.0;0.0;0.0;4276.4;0.0
2022-03-25T03:30:00+01:00;PT15M;Flanders;0.0;0.0;0.0;0.0;0.0;4276.4;0.0
2022-03-25T03:15:00+01:00;PT15M;Flanders;0.0;0.0;0.0;0.0;0.0;4276.4;0.0
2022-03-25T03:00:00+01:00;PT15M;Flanders;0.0;0.0;0.0;0.0;0.0;4276.4;0.0
2022-03-25T02:45:00+01:00;PT15M;Flanders;0.0;0.0;0.0;0.0;0.0;4276.4;0.0
2022-03-25T02:30:00+01:00;PT15M;Flanders;0.0;0.0;0.0;0.0;0.0;4276.4;0.0
2022-03-25T02:15:00+01:00;PT15M;Flanders;0.0;0.0;0.0;0.0;0.0;4276.4;0.0
2022-03-25T02:00:00+01:00;PT15M;Flanders;0.0;0.0;0.0;0.0;0.0;4276.4;0.0
2022-03-25T01:45:00+01:00;PT15M;Flanders;0.0;0.0;0.0;0.0;0.0;4276.4;0.0
2022-03-25T01:30:00+01:00;PT15M;Flanders;0.0;0.0;0.0;0.0;0.0;4276.4;0.0
2022-03-25T01:15:00+01:00;PT15M;Flanders;0.0;0.0;0.0;0.0;0.0;4276.4;0.0
2022-03-25T01:00:00+01:00;PT15M;Flanders;0.0;0.0;0.0;0.0;0.0;4276.4;0.0
2022-03-25T00:45:00+01:00;PT15M;Flanders;0.0;0.0;0.0;0.0;0.0;4276.4;0.0
2022-03-25T00:30:00+01:00;PT15M;Flanders;0.0;0.0;0.0;0.0;0.0;4276.4;0.0
2022-03-25T00:15:00+01:00;PT15M;Flanders;0.0;0.0;0.0;0.0;0.0;4276.4;0.0
2022-03-25T00:00:00+01:00;PT15M;Flanders;0.0;0.0;0.0;0.0;0.0;4276.4;0.0
2022-03-24T23:45:00+01:00;PT15M;Flanders;0.0;0.0;0.0;0.0;0.0;4276.4;0.0
2022-03-24T23:30:00+01:00;PT15M;Flanders;0.0;0.0;0.0;0.0;0.0;4276.4;0.0
2022-03-24T23:15:00+01:00;PT15M;Flanders;0.0;0.0;0.0;0.0;0.0;4276.4;0.0
2022-03-24T23:00:00+01:00;PT15M;Flanders;0.0;0.0;0.0;0.0;0.0;4276.4;0.0
2022-03-24T22:45:00+01:00;PT15M;Flanders;0.0;0.0;0.0;0.0;0.0;4276.4;0.0
2022-03-24T22:30:00+01:00;PT15M;Flanders;0.0;0.0;0.0;0.0;0.0;4276.4;0.0
2022-03-24T22:15:00+01:00;PT15M;Flanders;0.0;0.0;0.0;0.0;0.0;4276.4;0.0
2022-03-24T22:00:00+01:00;PT15M;Flanders;0.0;0.0;0.0;0.0;0.0;4276.4;0.0
2022-03-24T21:45:00+01:00;PT15M;Flanders;0.0;0.0;0.0;0.0;0.0;4276.4;0.0
2022-03-24T21:30:00+01:00;PT15M;Flanders;0.0;0.0;0.0;0.0;0.0;4276.4;0.0
2022-03-24T21:15:00+01:00;PT15M;Flanders;0.0;0.0;0.0;0.0;0.0;4276.4;0.0
2022-03-24T21:00:00+01:00;PT15M;Flanders;0.0;0.0;0.0;0.0;0.0;4276.4;0.0
2022-03-24T20:45:00+01:00;PT15M;Flanders;0.0;0.0;0.0;0.0;0.0;4276.4;0.0
2022-03-24T20:30:00+01:00;PT15M;Flanders;0.0;0.0;0.0;0.0;0.0;4276.4;0.0
2022-03-24T20:15:00+01:00;PT15M;Flanders;0.0;0.0;0.0;0.0;0.0;4276.4;0.0
2022-03-24T20:00:00+01:00;PT15M;Flanders;0.0;0.0;0.0;0.0;0.0;4276.4;0.0
2022-03-24T19:45:00+01:00;PT15M;Flanders;0.0;0.0;0.0;0.0;0.0;4276.4;0.0
2022-03-24T19:30:00+01:00;PT15M;Flanders;0.0;0.0;0.0;0.0;0.0;4276.4;0.0
2022-03-24T19:15:00+01:00;PT15M;Flanders;0.0;0.0;0.0;0.0;0.0;4276.4;0.0
2022-03-24T19:00:00+01:00;PT15M;Flanders;0.0;0.4;0.0;0.0;0.3;4276.4;0.0
2022-03-24T18:45:00+01:00;PT15M;Flanders;0.0;15.93;0.0;0.0;13.46;4276.4;0.0
2022-03-24T18:30:00+01:00;PT15M;Flanders;0.0;57.21;0.0;0.0;47.67;4276.4;0.0
2022-03-24T18:15:00+01:00;PT15M;Flanders;0.0;130.99;0.0;0.0;100.36;4276.4;0.0
2022-03-24T18:00:00+01:00;PT15M;Flanders;0.0;228.92;0.0;0.0;176.76;4276.4;0.0
2022-03-24T17:45:00+01:00;PT15M;Flanders;0.0;362.82;0.0;0.0;276.66;4276.4;0.0
2022-03-24T17:30:00+01:00;PT15M;Flanders;0.0;521.31;0.0;0.0;394.12;4276.4;0.0
2022-03-24T17:15:00+01:00;PT15M;Flanders;0.0;700.75;0.0;0.0;523.11;4276.4;0.0
2022-03-24T17:00:00+01:00;PT15M;Flanders;0.0;888.38;0.0;0.0;658.89;4276.4;0.0
2022-03-24T16:45:00+01:00;PT15M;Flanders;0.0;1078.13;0.0;0.0;800.68;4276.4;0.0
2022-03-24T16:30:00+01:00;PT15M;Flanders;0.0;1272.11;0.0;0.0;946.28;4276.4;0.0
2022-03-24T16:15:00+01:00;PT15M;Flanders;0.0;1463.88;0.0;0.0;1084.99;4276.4;0.0
2022-03-24T16:00:00+01:00;PT15M;Flanders;0.0;1647.18;0.0;0.0;1212.42;4276.4;0.0
2022-03-24T15:45:00+01:00;PT15M;Flanders;0.0;1814.65;0.0;0.0;1330.65;4276.4;0.0
2022-03-24T15:30:00+01:00;PT15M;Flanders;0.0;1956.54;0.0;0.0;1436.89;4276.4;0.0
2022-03-24T15:15:00+01:00;PT15M;Flanders;0.0;2087.33;0.0;0.0;1537.26;4276.4;0.0
2022-03-24T15:00:00+01:00;PT15M;Flanders;0.0;2209.47;0.0;0.0;1630.91;4276.4;0.0
2022-03-24T14:45:00+01:00;PT15M;Flanders;0.0;2312.77;0.0;0.0;1714.02;4276.4;0.0
2022-03-24T14:30:00+01:00;PT15M;Flanders;0.0;2393.82;0.0;0.0;1782.62;4276.4;0.0
2022-03-24T14:15:00+01:00;PT15M;Flanders;0.0;2482.29;0.0;0.0;1848.68;4276.4;0.0
2022-03-24T14:00:00+01:00;PT15M;Flanders;0.0;2570.6;0.0;0.0;1905.47;4276.4;0.0
2022-03-24T13:45:00+01:00;PT15M;Flanders;0.0;2646.4;0.0;0.0;1950.52;4276.4;0.0
2022-03-24T13:30:00+01:00;PT15M;Flanders;0.0;2707.2;0.0;0.0;1984.75;4276.4;0.0
2022-03-24T13:15:00+01:00;PT15M;Flanders;0.0;2772.93;0.0;0.0;2008.41;4276.4;0.0
2022-03-24T13:00:00+01:00;PT15M;Flanders;0.0;2835.2;0.0;0.0;2015.66;4276.4;0.0
2022-03-24T12:45:00+01:00;PT15M;Flanders;0.0;2893.11;0.0;0.0;2018.29;4276.4;0.0
2022-03-24T12:30:00+01:00;PT15M;Flanders;0.0;2930.59;0.0;0.0;2011.63;4276.4;0.0
2022-03-24T12:15:00+01:00;PT15M;Flanders;0.0;2940.43;0.0;0.0;1988.47;4276.4;0.0
2022-03-24T12:00:00+01:00;PT15M;Flanders;0.0;2925.67;0.0;0.0;1946.79;4276.4;0.0
2022-03-24T11:45:00+01:00;PT15M;Flanders;0.0;2898.0;0.0;0.0;1898.51;4276.4;0.0
2022-03-24T11:30:00+01:00;PT15M;Flanders;0.0;2851.42;0.0;0.0;1844.41;4276.4;0.0
2022-03-24T11:15:00+01:00;PT15M;Flanders;0.0;2789.94;0.0;0.0;1774.3;4276.4;0.0
2022-03-24T11:00:00+01:00;PT15M;Flanders;0.0;2713.87;0.0;0.0;1687.41;4276.4;0.0
2022-03-24T10:45:00+01:00;PT15M;Flanders;0.0;2618.49;0.0;0.0;1594.87;4276.4;0.0
2022-03-24T10:30:00+01:00;PT15M;Flanders;0.0;2505.03;0.0;0.0;1499.33;4276.4;0.0
2022-03-24T10:15:00+01:00;PT15M;Flanders;0.0;2383.99;0.0;0.0;1410.59;4276.4;0.0
2022-03-24T10:00:00+01:00;PT15M;Flanders;0.0;2231.89;0.0;0.0;1311.33;4276.4;0.0
2022-03-24T09:45:00+01:00;PT15M;Flanders;0.0;2059.56;0.0;0.0;1202.67;4276.4;0.0
2022-03-24T09:30:00+01:00;PT15M;Flanders;0.0;1874.86;0.0;0.0;1089.88;4276.4;0.0
2022-03-24T09:15:00+01:00;PT15M;Flanders;0.0;1679.81;0.0;0.0;972.03;4276.4;0.0
2022-03-24T09:00:00+01:00;PT15M;Flanders;0.0;1472.53;0.0;0.0;847.29;4276.4;0.0
2022-03-24T08:45:00+01:00;PT15M;Flanders;0.0;1257.43;0.0;0.0;722.26;4276.4;0.0
2022-03-24T08:30:00+01:00;PT15M;Flanders;0.0;1039.89;0.0;0.0;599.55;4276.4;0.0
2022-03-24T08:15:00+01:00;PT15M;Flanders;0.0;829.48;0.0;0.0;480.95;4276.4;0.0
2022-03-24T08:00:00+01:00;PT15M;Flanders;0.0;632.6;0.0;0.0;371.38;4276.4;0.0
2022-03-24T07:45:00+01:00;PT15M;Flanders;0.0;452.75;0.0;0.0;272.39;4276.4;0.0
2022-03-24T07:30:00+01:00;PT15M;Flanders;0.0;294.27;0.0;0.0;183.3;4276.4;0.0
2022-03-24T07:15:00+01:00;PT15M;Flanders;0.0;165.97;0.0;0.0;110.29;4276.4;0.0
2022-03-24T07:00:00+01:00;PT15M;Flanders;0.0;78.31;0.0;0.0;56.55;4276.4;0.0
2022-03-24T06:45:00+01:00;PT15M;Flanders;0.0;26.48;0.0;0.0;19.83;4276.4;0.0
2022-03-24T06:30:00+01:00;PT15M;Flanders;0.0;3.61;0.0;0.0;2.63;4276.4;0.0
2022-03-24T06:15:00+01:00;PT15M;Flanders;0.0;0.0;0.0;0.0;0.0;4276.4;0.0
2022-03-24T06:00:00+01:00;PT15M;Flanders;0.0;0.0;0.0;0.0;0.0;4276.4;0.0
2022-03-24T05:45:00+01:00;PT15M;Flanders;0.0;0.0;0.0;0.0;0.0;4276.4;0.0
2022-03-24T05:30:00+01:00;PT15M;Flanders;0.0;0.0;0.0;0.0;0.0;4276.4;0.0
2022-03-24T05:15:00+01:00;PT15M;Flanders;0.0;0.0;0.0;0.0;0.0;4276.4;0.0
2022-03-24T05:00:00+01:00;PT15M;Flanders;0.0;0.0;0.0;0.0;0.0;4276.4;0.0
2022-03-24T04:45:00+01:00;PT15M;Flanders;0.0;0.0;0.0;0.0;0.0;4276.4;0.0
2022-03-24T04:30:00+01:00;PT15M;Flanders;0.0;0.0;0.0;0.0;0.0;4276.4;0.0
2022-03-24T04:15:00+01:00;PT15M;Flanders;0.0;0.0;0.0;0.0;0.0;4276.4;0.0
2022-03-24T04:00:00+01:00;PT15M;Flanders;0.0;0.0;0.0;0.0;0.0;4276.4;0.0
2022-03-24T03:45:00+01:00;PT15M;Flanders;0.0;0.0;0.0;0.0;0.0;4276.4;0.0
2022-03-24T03:30:00+01:00;PT15M;Flanders;0.0;0.0;0.0;0.0;0.0;4276.4;0.0
2022-03-24T03:15:00+01:00;PT15M;Flanders;0.0;0.0;0.0;0.0;0.0;4276.4;0.0
2022-03-24T03:00:00+01:00;PT15M;Flanders;0.0;0.0;0.0;0.0;0.0;4276.4;0.0
2022-03-24T02:45:00+01:00;PT15M;Flanders;0.0;0.0;0.0;0.0;0.0;4276.4;0.0
2022-03-24T02:30:00+01:00;PT15M;Flanders;0.0;0.0;0.0;0.0;0.0;4276.4;0.0
2022-03-24T02:15:00+01:00;PT15M;Flanders;0.0;0.0;0.0;0.0;0.0;4276.4;0.0
2022-03-24T02:00:00+01:00;PT15M;Flanders;0.0;0.0;0.0;0.0;0.0;4276.4;0.0
2022-03-24T01:45:00+01:00;PT15M;Flanders;0.0;0.0;0.0;0.0;0.0;4276.4;0.0
2022-03-24T01:30:00+01:00;PT15M;Flanders;0.0;0.0;0.0;0.0;0.0;4276.4;0.0
2022-03-24T01:15:00+01:00;PT15M;Flanders;0.0;0.0;0.0;0.0;0.0;4276.4;0.0
2022-03-24T01:00:00+01:00;PT15M;Flanders;0.0;0.0;0.0;0.0;0.0;4276.4;0.0
2022-03-24T00:45:00+01:00;PT15M;Flanders;0.0;0.0;0.0;0.0;0.0;4276.4;0.0
2022-03-24T00:30:00+01:00;PT15M;Flanders;0.0;0.0;0.0;0.0;0.0;4276.4;0.0
2022-03-24T00:15:00+01:00;PT15M;Flanders;0.0;0.0;0.0;0.0;0.0;4276.4;0.0
2022-03-24T00:00:00+01:00;PT15M;Flanders;0.0;0.0;0.0;0.0;0.0;4276.4;0.0
2022-03-23T23:45:00+01:00;PT15M;Flanders;0.0;0.0;0.0;0.0;0.0;4276.4;0.0
2022-03-23T23:30:00+01:00;PT15M;Flanders;0.0;0.0;0.0;0.0;0.0;4276.4;0.0
2022-03-23T23:15:00+01:00;PT15M;Flanders;0.0;0.0;0.0;0.0;0.0;4276.4;0.0
2022-03-23T23:00:00+01:00;PT15M;Flanders;0.0;0.0;0.0;0.0;0.0;4276.4;0.0
2022-03-23T22:45:00+01:00;PT15M;Flanders;0.0;0.0;0.0;0.0;0.0;4276.4;0.0
2022-03-23T22:30:00+01:00;PT15M;Flanders;0.0;0.0;0.0;0.0;0.0;4276.4;0.0
2022-03-23T22:15:00+01:00;PT15M;Flanders;0.0;0.0;0.0;0.0;0.0;4276.4;0.0
2022-03-23T22:00:00+01:00;PT15M;Flanders;0.0;0.0;0.0;0.0;0.0;4276.4;0.0
2022-03-23T21:45:00+01:00;PT15M;Flanders;0.0;0.0;0.0;0.0;0.0;4276.4;0.0
2022-03-23T21:30:00+01:00;PT15M;Flanders;0.0;0.0;0.0;0.0;0.0;4276.4;0.0
2022-03-23T21:15:00+01:00;PT15M;Flanders;0.0;0.0;0.0;0.0;0.0;4276.4;0.0
2022-03-23T21:00:00+01:00;PT15M;Flanders;0.0;0.0;0.0;0.0;0.0;4276.4;0.0
2022-03-23T20:45:00+01:00;PT15M;Flanders;0.0;0.0;0.0;0.0;0.0;4276.4;0.0
2022-03-23T20:30:00+01:00;PT15M;Flanders;0.0;0.0;0.0;0.0;0.0;4276.4;0.0
2022-03-23T20:15:00+01:00;PT15M;Flanders;0.0;0.0;0.0;0.0;0.0;4276.4;0.0
2022-03-23T20:00:00+01:00;PT15M;Flanders;0.0;0.0;0.0;0.0;0.0;4276.4;0.0
2022-03-23T19:45:00+01:00;PT15M;Flanders;0.0;0.0;0.0;0.0;0.0;4276.4;0.0
2022-03-23T19:30:00+01:00;PT15M;Flanders;0.0;0.0;0.0;0.0;0.0;4276.4;0.0
2022-03-23T19:15:00+01:00;PT15M;Flanders;0.0;0.0;0.0;0.0;0.0;4276.4;0.0
2022-03-23T19:00:00+01:00;PT15M;Flanders;0.0;0.09;0.0;0.0;0.07;4276.4;0.0
2022-03-23T18:45:00+01:00;PT15M;Flanders;0.0;17.26;0.0;0.0;13.05;4276.4;0.0
2022-03-23T18:30:00+01:00;PT15M;Flanders;0.0;65.46;0.0;0.0;49.9;4276.4;0.0
2022-03-23T18:15:00+01:00;PT15M;Flanders;0.0;160.62;0.0;0.0;114.85;4276.4;0.0
2022-03-23T18:00:00+01:00;PT15M;Flanders;0.0;291.01;0.0;0.0;219.46;4276.4;0.0
2022-03-23T17:45:00+01:00;PT15M;Flanders;0.0;436.53;0.0;0.0;360.1;4276.4;0.0
2022-03-23T17:30:00+01:00;PT15M;Flanders;0.0;605.87;0.0;0.0;527.83;4276.4;0.0
2022-03-23T17:15:00+01:00;PT15M;Flanders;0.0;810.75;0.0;0.0;719.55;4276.4;0.0
2022-03-23T17:00:00+01:00;PT15M;Flanders;0.0;1021.84;0.0;0.0;928.71;4276.4;0.0
2022-03-23T16:45:00+01:00;PT15M;Flanders;0.0;1222.56;0.0;0.0;1152.74;4276.4;0.0
2022-03-23T16:30:00+01:00;PT15M;Flanders;0.0;1426.19;0.0;0.0;1379.57;4276.4;0.0
2022-03-23T16:15:00+01:00;PT15M;Flanders;0.0;1619.75;0.0;0.0;1591.74;4276.4;0.0
2022-03-23T16:00:00+01:00;PT15M;Flanders;0.0;1795.78;0.0;0.0;1792.15;4276.4;0.0
2022-03-23T15:45:00+01:00;PT15M;Flanders;0.0;1962.25;0.0;0.0;1983.14;4276.4;0.0
2022-03-23T15:30:00+01:00;PT15M;Flanders;0.0;2113.73;0.0;0.0;2157.78;4276.4;0.0
2022-03-23T15:15:00+01:00;PT15M;Flanders;0.0;2253.66;0.0;0.0;2314.24;4276.4;0.0
2022-03-23T15:00:00+01:00;PT15M;Flanders;0.0;2380.82;0.0;0.0;2450.6;4276.4;0.0
2022-03-23T14:45:00+01:00;PT15M;Flanders;0.0;2494.49;0.0;0.0;2573.88;4276.4;0.0
2022-03-23T14:30:00+01:00;PT15M;Flanders;0.0;2587.41;0.0;0.0;2673.82;4276.4;0.0
2022-03-23T14:15:00+01:00;PT15M;Flanders;0.0;2676.21;0.0;0.0;2758.1;4276.4;0.0
2022-03-23T14:00:00+01:00;PT15M;Flanders;0.0;2750.72;0.0;0.0;2824.48;4276.4;0.0
2022-03-23T13:45:00+01:00;PT15M;Flanders;0.0;2811.75;0.0;0.0;2877.67;4276.4;0.0
2022-03-23T13:30:00+01:00;PT15M;Flanders;0.0;2859.44;0.0;0.0;2918.52;4276.4;0.0
2022-03-23T13:15:00+01:00;PT15M;Flanders;0.0;2881.62;0.0;0.0;2946.6;4276.4;0.0
2022-03-23T13:00:00+01:00;PT15M;Flanders;0.0;2903.8;0.0;0.0;2956.88;4276.4;0.0
2022-03-23T12:45:00+01:00;PT15M;Flanders;0.0;2913.23;0.0;0.0;2959.6;4276.4;0.0
2022-03-23T12:30:00+01:00;PT15M;Flanders;0.0;2917.58;0.0;0.0;2949.4;4276.4;0.0
2022-03-23T12:15:00+01:00;PT15M;Flanders;0.0;2915.07;0.0;0.0;2928.11;4276.4;0.0
2022-03-23T12:00:00+01:00;PT15M;Flanders;0.0;2910.78;0.0;0.0;2895.46;4276.4;0.0
2022-03-23T11:45:00+01:00;PT15M;Flanders;0.0;2889.19;0.0;0.0;2851.58;4276.4;0.0
2022-03-23T11:30:00+01:00;PT15M;Flanders;0.0;2846.68;0.0;0.0;2792.15;4276.4;0.0
2022-03-23T11:15:00+01:00;PT15M;Flanders;0.0;2785.02;0.0;0.0;2721.73;4276.4;0.0
2022-03-23T11:00:00+01:00;PT15M;Flanders;0.0;2704.24;0.0;0.0;2639.15;4276.4;0.0
2022-03-23T10:45:00+01:00;PT15M;Flanders;0.0;2605.82;0.0;0.0;2537.18;4276.4;0.0
2022-03-23T10:30:00+01:00;PT15M;Flanders;0.0;2507.38;0.0;0.0;2414.96;4276.4;0.0
2022-03-23T10:15:00+01:00;PT15M;Flanders;0.0;2386.33;0.0;0.0;2285.55;4276.4;0.0
2022-03-23T10:00:00+01:00;PT15M;Flanders;0.0;2242.91;0.0;0.0;2132.27;4276.4;0.0
2022-03-23T09:45:00+01:00;PT15M;Flanders;0.0;2085.37;0.0;0.0;1962.83;4276.4;0.0
2022-03-23T09:30:00+01:00;PT15M;Flanders;0.0;1917.29;0.0;0.0;1786.72;4276.4;0.0
2022-03-23T09:15:00+01:00;PT15M;Flanders;0.0;1733.27;0.0;0.0;1607.52;4276.4;0.0
2022-03-23T09:00:00+01:00;PT15M;Flanders;0.0;1534.34;0.0;0.0;1417.34;4276.4;0.0
2022-03-23T08:45:00+01:00;PT15M;Flanders;0.0;1314.29;0.0;0.0;1212.24;4276.4;0.0
2022-03-23T08:30:00+01:00;PT15M;Flanders;0.0;1082.5;0.0;0.0;999.39;4276.4;0.0
2022-03-23T08:15:00+01:00;PT15M;Flanders;0.0;863.71;0.0;0.0;789.97;4276.4;0.0
2022-03-23T08:00:00+01:00;PT15M;Flanders;0.0;659.96;0.0;0.0;595.69;4276.4;0.0
2022-03-23T07:45:00+01:00;PT15M;Flanders;0.0;476.74;0.0;0.0;420.24;4276.4;0.0
2022-03-23T07:30:00+01:00;PT15M;Flanders;0.0;320.14;0.0;0.0;266.21;4276.4;0.0
2022-03-23T07:15:00+01:00;PT15M;Flanders;0.0;187.68;0.0;0.0;146.55;4276.4;0.0
2022-03-23T07:00:00+01:00;PT15M;Flanders;0.0;87.75;0.0;0.0;68.04;4276.4;0.0
2022-03-23T06:45:00+01:00;PT15M;Flanders;0.0;26.37;0.0;0.0;21.05;4276.4;0.0
2022-03-23T06:30:00+01:00;PT15M;Flanders;0.0;2.09;0.0;0.0;1.73;4276.4;0.0
2022-03-23T06:15:00+01:00;PT15M;Flanders;0.0;0.0;0.0;0.0;0.0;4276.4;0.0
2022-03-23T06:00:00+01:00;PT15M;Flanders;0.0;0.0;0.0;0.0;0.0;4276.4;0.0
2022-03-23T05:45:00+01:00;PT15M;Flanders;0.0;0.0;0.0;0.0;0.0;4276.4;0.0
2022-03-23T05:30:00+01:00;PT15M;Flanders;0.0;0.0;0.0;0.0;0.0;4276.4;0.0
2022-03-23T05:15:00+01:00;PT15M;Flanders;0.0;0.0;0.0;0.0;0.0;4276.4;0.0
2022-03-23T05:00:00+01:00;PT15M;Flanders;0.0;0.0;0.0;0.0;0.0;4276.4;0.0
2022-03-23T04:45:00+01:00;PT15M;Flanders;0.0;0.0;0.0;0.0;0.0;4276.4;0.0
2022-03-23T04:30:00+01:00;PT15M;Flanders;0.0;0.0;0.0;0.0;0.0;4276.4;0.0
2022-03-23T04:15:00+01:00;PT15M;Flanders;0.0;0.0;0.0;0.0;0.0;4276.4;0.0
2022-03-23T04:00:00+01:00;PT15M;Flanders;0.0;0.0;0.0;0.0;0.0;4276.4;0.0
2022-03-23T03:45:00+01:00;PT15M;Flanders;0.0;0.0;0.0;0.0;0.0;4276.4;0.0
2022-03-23T03:30:00+01:00;PT15M;Flanders;0.0;0.0;0.0;0.0;0.0;4276.4;0.0
2022-03-23T03:15:00+01:00;PT15M;Flanders;0.0;0.0;0.0;0.0;0.0;4276.4;0.0
2022-03-23T03:00:00+01:00;PT15M;Flanders;0.0;0.0;0.0;0.0;0.0;4276.4;0.0
2022-03-23T02:45:00+01:00;PT15M;Flanders;0.0;0.0;0.0;0.0;0.0;4276.4;0.0
2022-03-23T02:30:00+01:00;PT15M;Flanders;0.0;0.0;0.0;0.0;0.0;4276.4;0.0
2022-03-23T02:15:00+01:00;PT15M;Flanders;0.0;0.0;0.0;0.0;0.0;4276.4;0.0
2022-03-23T02:00:00+01:00;PT15M;Flanders;0.0;0.0;0.0;0.0;0.0;4276.4;0.0
2022-03-23T01:45:00+01:00;PT15M;Flanders;0.0;0.0;0.0;0.0;0.0;4276.4;0.0
2022-03-23T01:30:00+01:00;PT15M;Flanders;0.0;0.0;0.0;0.0;0.0;4276.4;0.0
2022-03-23T01:15:00+01:00;PT15M;Flanders;0.0;0.0;0.0;0.0;0.0;4276.4;0.0
2022-03-23T01:00:00+01:00;PT15M;Flanders;0.0;0.0;0.0;0.0;0.0;4276.4;0.0
2022-03-23T00:45:00+01:00;PT15M;Flanders;0.0;0.0;0.0;0.0;0.0;4276.4;0.0
2022-03-23T00:30:00+01:00;PT15M;Flanders;0.0;0.0;0.0;0.0;0.0;4276.4;0.0
2022-03-23T00:15:00+01:00;PT15M;Flanders;0.0;0.0;0.0;0.0;0.0;4276.4;0.0
2022-03-23T00:00:00+01:00;PT15M;Flanders;0.0;0.0;0.0;0.0;0.0;4276.4;0.0
2022-03-22T23:45:00+01:00;PT15M;Flanders;0.0;0.0;0.0;0.0;0.0;4276.4;0.0
2022-03-22T23:30:00+01:00;PT15M;Flanders;0.0;0.0;0.0;0.0;0.0;4276.4;0.0
2022-03-22T23:15:00+01:00;PT15M;Flanders;0.0;0.0;0.0;0.0;0.0;4276.4;0.0
2022-03-22T23:00:00+01:00;PT15M;Flanders;0.0;0.0;0.0;0.0;0.0;4276.4;0.0
2022-03-22T22:45:00+01:00;PT15M;Flanders;0.0;0.0;0.0;0.0;0.0;4276.4;0.0
2022-03-22T22:30:00+01:00;PT15M;Flanders;0.0;0.0;0.0;0.0;0.0;4276.4;0.0
2022-03-22T22:15:00+01:00;PT15M;Flanders;0.0;0.0;0.0;0.0;0.0;4276.4;0.0
2022-03-22T22:00:00+01:00;PT15M;Flanders;0.0;0.0;0.0;0.0;0.0;4276.4;0.0
2022-03-22T21:45:00+01:00;PT15M;Flanders;0.0;0.0;0.0;0.0;0.0;4276.4;0.0
2022-03-22T21:30:00+01:00;PT15M;Flanders;0.0;0.0;0.0;0.0;0.0;4276.4;0.0
2022-03-22T21:15:00+01:00;PT15M;Flanders;0.0;0.0;0.0;0.0;0.0;4276.4;0.0
2022-03-22T21:00:00+01:00;PT15M;Flanders;0.0;0.0;0.0;0.0;0.0;4276.4;0.0
2022-03-22T20:45:00+01:00;PT15M;Flanders;0.0;0.0;0.0;0.0;0.0;4276.4;0.0
2022-03-22T20:30:00+01:00;PT15M;Flanders;0.0;0.0;0.0;0.0;0.0;4276.4;0.0
2022-03-22T20:15:00+01:00;PT15M;Flanders;0.0;0.0;0.0;0.0;0.0;4276.4;0.0
2022-03-22T20:00:00+01:00;PT15M;Flanders;0.0;0.0;0.0;0.0;0.0;4276.4;0.0
2022-03-22T19:45:00+01:00;PT15M;Flanders;0.0;0.0;0.0;0.0;0.0;4276.4;0.0
2022-03-22T19:30:00+01:00;PT15M;Flanders;0.0;0.0;0.0;0.0;0.0;4276.4;0.0
2022-03-22T19:15:00+01:00;PT15M;Flanders;0.0;0.0;0.0;0.0;0.0;4276.4;0.0
2022-03-22T19:00:00+01:00;PT15M;Flanders;0.0;0.0;0.0;0.0;0.0;4276.4;0.0
2022-03-22T18:45:00+01:00;PT15M;Flanders;0.0;12.99;13.49;0.0;10.9;4276.4;0.0
2022-03-22T18:30:00+01:00;PT15M;Flanders;0.0;53.11;55.09;0.0;44.96;4276.4;0.0
2022-03-22T18:15:00+01:00;PT15M;Flanders;0.0;137.3;141.65;0.0;107.23;4276.4;0.0
2022-03-22T18:00:00+01:00;PT15M;Flanders;0.0;261.82;269.25;0.0;206.72;4276.4;0.0
2022-03-22T17:45:00+01:00;PT15M;Flanders;0.0;404.05;414.22;0.0;341.32;4276.4;0.0
2022-03-22T17:30:00+01:00;PT15M;Flanders;0.0;565.13;576.34;0.0;502.0;4276.4;0.0
2022-03-22T17:15:00+01:00;PT15M;Flanders;0.0;749.3;755.34;0.0;684.2;4276.4;0.0
2022-03-22T17:00:00+01:00;PT15M;Flanders;0.0;941.69;937.1;0.0;880.89;4276.4;0.0
2022-03-22T16:45:00+01:00;PT15M;Flanders;0.0;1123.14;1103.72;0.0;1091.77;4276.4;0.0
2022-03-22T16:30:00+01:00;PT15M;Flanders;0.0;1298.58;1266.74;0.0;1306.44;4276.4;0.0
2022-03-22T16:15:00+01:00;PT15M;Flanders;0.0;1472.63;1437.85;0.0;1510.41;4276.4;0.0
2022-03-22T16:00:00+01:00;PT15M;Flanders;0.0;1636.3;1604.53;0.0;1705.07;4276.4;0.0
2022-03-22T15:45:00+01:00;PT15M;Flanders;0.0;1779.12;1747.04;0.0;1884.42;4276.4;0.0
2022-03-22T15:30:00+01:00;PT15M;Flanders;0.0;1904.05;1865.35;0.0;2048.88;4276.4;0.0
2022-03-22T15:15:00+01:00;PT15M;Flanders;0.0;2026.06;1981.81;0.0;2201.76;4276.4;0.0
2022-03-22T15:00:00+01:00;PT15M;Flanders;0.0;2140.89;2096.44;0.0;2337.15;4276.4;0.0
2022-03-22T14:45:00+01:00;PT15M;Flanders;0.0;2244.55;2200.86;0.0;2458.76;4276.4;0.0
2022-03-22T14:30:00+01:00;PT15M;Flanders;0.0;2330.81;2286.88;0.0;2558.74;4276.4;0.0
2022-03-22T14:15:00+01:00;PT15M;Flanders;0.0;2428.41;2372.59;0.0;2646.04;4276.4;0.0
2022-03-22T14:00:00+01:00;PT15M;Flanders;0.0;2527.84;2454.3;0.0;2716.5;4276.4;0.0
2022-03-22T13:45:00+01:00;PT15M;Flanders;0.0;2607.6;2522.79;0.0;2767.09;4276.4;0.0
2022-03-22T13:30:00+01:00;PT15M;Flanders;0.0;2670.32;2581.3;0.0;2804.29;4276.4;0.0
2022-03-22T13:15:00+01:00;PT15M;Flanders;0.0;2717.28;2632.8;0.0;2829.26;4276.4;0.0
2022-03-22T13:00:00+01:00;PT15M;Flanders;0.0;2742.11;2664.7;0.0;2837.47;4276.4;0.0
2022-03-22T12:45:00+01:00;PT15M;Flanders;0.0;2763.42;2692.18;0.0;2838.65;4276.4;0.0
2022-03-22T12:30:00+01:00;PT15M;Flanders;0.0;2772.63;2705.44;0.0;2827.39;4276.4;0.0
2022-03-22T12:15:00+01:00;PT15M;Flanders;0.0;2767.09;2704.6;0.0;2803.84;4276.4;0.0
2022-03-22T12:00:00+01:00;PT15M;Flanders;0.0;2746.74;2689.24;0.0;2768.49;4276.4;0.0
2022-03-22T11:45:00+01:00;PT15M;Flanders;0.0;2717.37;2663.21;0.0;2722.84;4276.4;0.0
2022-03-22T11:30:00+01:00;PT15M;Flanders;0.0;2668.7;2617.45;0.0;2660.67;4276.4;0.0
2022-03-22T11:15:00+01:00;PT15M;Flanders;0.0;2608.22;2560.69;0.0;2580.4;4276.4;0.0
2022-03-22T11:00:00+01:00;PT15M;Flanders;0.0;2533.51;2491.37;0.0;2481.03;4276.4;0.0
2022-03-22T10:45:00+01:00;PT15M;Flanders;0.0;2444.49;2407.95;0.0;2366.77;4276.4;0.0
2022-03-22T10:30:00+01:00;PT15M;Flanders;0.0;2341.64;2310.26;0.0;2236.3;4276.4;0.0
2022-03-22T10:15:00+01:00;PT15M;Flanders;0.0;2234.81;2209.78;0.0;2095.7;4276.4;0.0
2022-03-22T10:00:00+01:00;PT15M;Flanders;0.0;2107.55;2092.21;0.0;1933.2;4276.4;0.0
2022-03-22T09:45:00+01:00;PT15M;Flanders;0.0;1961.29;1954.85;0.0;1761.68;4276.4;0.0
2022-03-22T09:30:00+01:00;PT15M;Flanders;0.0;1802.54;1803.45;0.0;1586.51;4276.4;0.0
2022-03-22T09:15:00+01:00;PT15M;Flanders;0.0;1624.11;1632.52;0.0;1405.06;4276.4;0.0
2022-03-22T09:00:00+01:00;PT15M;Flanders;0.0;1428.31;1442.1;0.0;1214.05;4276.4;0.0
2022-03-22T08:45:00+01:00;PT15M;Flanders;0.0;1222.25;1239.98;0.0;1019.95;4276.4;0.0
2022-03-22T08:30:00+01:00;PT15M;Flanders;0.0;1016.73;1039.49;0.0;831.91;4276.4;0.0
2022-03-22T08:15:00+01:00;PT15M;Flanders;0.0;817.55;844.91;0.0;654.46;4276.4;0.0
2022-03-22T08:00:00+01:00;PT15M;Flanders;0.0;625.1;652.12;0.0;493.25;4276.4;0.0
2022-03-22T07:45:00+01:00;PT15M;Flanders;0.0;450.51;472.66;0.0;347.71;4276.4;0.0
2022-03-22T07:30:00+01:00;PT15M;Flanders;0.0;300.32;316.05;0.0;220.22;4276.4;0.0
2022-03-22T07:15:00+01:00;PT15M;Flanders;0.0;172.73;182.37;0.0;122.02;4276.4;0.0
2022-03-22T07:00:00+01:00;PT15M;Flanders;0.0;76.62;81.63;0.0;56.32;4276.4;0.0
2022-03-22T06:45:00+01:00;PT15M;Flanders;0.0;21.13;22.64;0.0;16.09;4276.4;0.0
2022-03-22T06:30:00+01:00;PT15M;Flanders;0.0;0.73;0.78;0.0;0.61;4276.4;0.0
2022-03-22T06:15:00+01:00;PT15M;Flanders;0.0;0.0;0.0;0.0;0.0;4276.4;0.0
2022-03-22T06:00:00+01:00;PT15M;Flanders;0.0;0.0;0.0;0.0;0.0;4276.4;0.0
2022-03-22T05:45:00+01:00;PT15M;Flanders;0.0;0.0;0.0;0.0;0.0;4276.4;0.0
2022-03-22T05:30:00+01:00;PT15M;Flanders;0.0;0.0;0.0;0.0;0.0;4276.4;0.0
2022-03-22T05:15:00+01:00;PT15M;Flanders;0.0;0.0;0.0;0.0;0.0;4276.4;0.0
2022-03-22T05:00:00+01:00;PT15M;Flanders;0.0;0.0;0.0;0.0;0.0;4276.4;0.0
2022-03-22T04:45:00+01:00;PT15M;Flanders;0.0;0.0;0.0;0.0;0.0;4276.4;0.0
2022-03-22T04:30:00+01:00;PT15M;Flanders;0.0;0.0;0.0;0.0;0.0;4276.4;0.0
2022-03-22T04:15:00+01:00;PT15M;Flanders;0.0;0.0;0.0;0.0;0.0;4276.4;0.0
2022-03-22T04:00:00+01:00;PT15M;Flanders;0.0;0.0;0.0;0.0;0.0;4276.4;0.0
2022-03-22T03:45:00+01:00;PT15M;Flanders;0.0;0.0;0.0;0.0;0.0;4276.4;0.0
2022-03-22T03:30:00+01:00;PT15M;Flanders;0.0;0.0;0.0;0.0;0.0;4276.4;0.0
2022-03-22T03:15:00+01:00;PT15M;Flanders;0.0;0.0;0.0;0.0;0.0;4276.4;0.0
2022-03-22T03:00:00+01:00;PT15M;Flanders;0.0;0.0;0.0;0.0;0.0;4276.4;0.0
2022-03-22T02:45:00+01:00;PT15M;Flanders;0.0;0.0;0.0;0.0;0.0;4276.4;0.0
2022-03-22T02:30:00+01:00;PT15M;Flanders;0.0;0.0;0.0;0.0;0.0;4276.4;0.0
2022-03-22T02:15:00+01:00;PT15M;Flanders;0.0;0.0;0.0;0.0;0.0;4276.4;0.0
2022-03-22T02:00:00+01:00;PT15M;Flanders;0.0;0.0;0.0;0.0;0.0;4276.4;0.0
2022-03-22T01:45:00+01:00;PT15M;Flanders;0.0;0.0;0.0;0.0;0.0;4276.4;0.0
2022-03-22T01:30:00+01:00;PT15M;Flanders;0.0;0.0;0.0;0.0;0.0;4276.4;0.0
2022-03-22T01:15:00+01:00;PT15M;Flanders;0.0;0.0;0.0;0.0;0.0;4276.4;0.0
2022-03-22T01:00:00+01:00;PT15M;Flanders;0.0;0.0;0.0;0.0;0.0;4276.4;0.0
2022-03-22T00:45:00+01:00;PT15M;Flanders;0.0;0.0;0.0;0.0;0.0;4276.4;0.0
2022-03-22T00:30:00+01:00;PT15M;Flanders;0.0;0.0;0.0;0.0;0.0;4276.4;0.0
2022-03-22T00:15:00+01:00;PT15M;Flanders;0.0;0.0;0.0;0.0;0.0;4276.4;0.0
2022-03-22T00:00:00+01:00;PT15M;Flanders;0.0;0.0;0.0;0.0;0.0;4276.4;0.0
2022-03-21T23:45:00+01:00;PT15M;Flanders;0.0;0.0;0.0;0.0;0.0;4276.4;0.0
2022-03-21T23:30:00+01:00;PT15M;Flanders;0.0;0.0;0.0;0.0;0.0;4276.4;0.0
2022-03-21T23:15:00+01:00;PT15M;Flanders;0.0;0.0;0.0;0.0;0.0;4276.4;0.0
2022-03-21T23:00:00+01:00;PT15M;Flanders;0.0;0.0;0.0;0.0;0.0;4276.4;0.0
2022-03-21T22:45:00+01:00;PT15M;Flanders;0.0;0.0;0.0;0.0;0.0;4276.4;0.0
2022-03-21T22:30:00+01:00;PT15M;Flanders;0.0;0.0;0.0;0.0;0.0;4276.4;0.0
2022-03-21T22:15:00+01:00;PT15M;Flanders;0.0;0.0;0.0;0.0;0.0;4276.4;0.0
2022-03-21T22:00:00+01:00;PT15M;Flanders;0.0;0.0;0.0;0.0;0.0;4276.4;0.0
2022-03-21T21:45:00+01:00;PT15M;Flanders;0.0;0.0;0.0;0.0;0.0;4276.4;0.0
2022-03-21T21:30:00+01:00;PT15M;Flanders;0.0;0.0;0.0;0.0;0.0;4276.4;0.0
2022-03-21T21:15:00+01:00;PT15M;Flanders;0.0;0.0;0.0;0.0;0.0;4276.4;0.0
2022-03-21T21:00:00+01:00;PT15M;Flanders;0.0;0.0;0.0;0.0;0.0;4276.4;0.0
2022-03-21T20:45:00+01:00;PT15M;Flanders;0.0;0.0;0.0;0.0;0.0;4276.4;0.0
2022-03-21T20:30:00+01:00;PT15M;Flanders;0.0;0.0;0.0;0.0;0.0;4276.4;0.0
2022-03-21T20:15:00+01:00;PT15M;Flanders;0.0;0.0;0.0;0.0;0.0;4276.4;0.0
2022-03-21T20:00:00+01:00;PT15M;Flanders;0.0;0.0;0.0;0.0;0.0;4276.4;0.0
2022-03-21T19:45:00+01:00;PT15M;Flanders;0.0;0.0;0.0;0.0;0.0;4276.4;0.0
2022-03-21T19:30:00+01:00;PT15M;Flanders;0.0;0.0;0.0;0.0;0.0;4276.4;0.0
2022-03-21T19:15:00+01:00;PT15M;Flanders;0.0;0.0;0.0;0.0;0.0;4276.4;0.0
2022-03-21T19:00:00+01:00;PT15M;Flanders;0.0;0.0;0.0;0.0;0.0;4276.4;0.0
2022-03-21T18:45:00+01:00;PT15M;Flanders;0.0;8.65;10.23;10.23;8.83;4276.4;0.0
2022-03-21T18:30:00+01:00;PT15M;Flanders;0.0;39.31;46.44;46.36;40.72;4276.4;0.0
2022-03-21T18:15:00+01:00;PT15M;Flanders;0.0;104.61;124.06;122.03;102.67;4276.4;0.0
2022-03-21T18:00:00+01:00;PT15M;Flanders;0.0;208.82;241.54;237.34;202.29;4276.4;0.0
2022-03-21T17:45:00+01:00;PT15M;Flanders;0.0;329.23;376.66;371.15;338.56;4276.4;0.0
2022-03-21T17:30:00+01:00;PT15M;Flanders;0.0;460.91;527.31;519.16;502.52;4276.4;0.0
2022-03-21T17:15:00+01:00;PT15M;Flanders;0.0;606.02;690.61;677.08;689.78;4276.4;0.0
2022-03-21T17:00:00+01:00;PT15M;Flanders;0.0;766.89;856.24;837.28;894.87;4276.4;0.0
2022-03-21T16:45:00+01:00;PT15M;Flanders;0.0;937.55;1012.43;990.34;1117.47;4276.4;0.0
2022-03-21T16:30:00+01:00;PT15M;Flanders;0.0;1107.61;1159.39;1130.43;1343.09;4276.4;0.0
2022-03-21T16:15:00+01:00;PT15M;Flanders;1203.12;1279.63;1308.14;1274.0;1554.23;4276.4;28.13
2022-03-21T16:00:00+01:00;PT15M;Flanders;1362.81;1448.73;1453.97;1422.32;1755.2;4276.4;31.87
2022-03-21T15:45:00+01:00;PT15M;Flanders;1518.16;1613.27;1582.43;1555.11;1944.69;4276.4;35.5
2022-03-21T15:30:00+01:00;PT15M;Flanders;1707.13;1752.61;1693.51;1670.74;2120.64;4276.4;39.92
2022-03-21T15:15:00+01:00;PT15M;Flanders;1885.49;1893.19;1804.12;1788.42;2278.71;4276.4;44.09
2022-03-21T15:00:00+01:00;PT15M;Flanders;2027.23;2034.6;1915.2;1907.82;2417.7;4276.4;47.41
2022-03-21T14:45:00+01:00;PT15M;Flanders;2160.63;2119.11;2015.21;2015.56;2543.48;4276.4;50.52
2022-03-21T14:30:00+01:00;PT15M;Flanders;2281.75;2240.91;2097.43;2103.92;2648.19;4276.4;53.36
2022-03-21T14:15:00+01:00;PT15M;Flanders;2390.18;2352.0;2175.28;2191.24;2733.47;4276.4;55.89
2022-03-21T14:00:00+01:00;PT15M;Flanders;2483.99;2452.37;2248.48;2280.08;2804.28;4276.4;58.09
2022-03-21T13:45:00+01:00;PT15M;Flanders;2551.57;2422.79;2307.5;2356.88;2858.43;4276.4;59.67
2022-03-21T13:30:00+01:00;PT15M;Flanders;2625.51;2500.99;2353.71;2420.27;2898.59;4276.4;61.4
2022-03-21T13:15:00+01:00;PT15M;Flanders;2666.49;2561.5;2395.4;2472.42;2925.3;4276.4;62.35
2022-03-21T13:00:00+01:00;PT15M;Flanders;2685.5;2598.48;2425.81;2505.8;2934.0;4276.4;62.8
2022-03-21T12:45:00+01:00;PT15M;Flanders;2703.1;2581.75;2451.84;2533.39;2935.26;4276.4;63.21
2022-03-21T12:30:00+01:00;PT15M;Flanders;2696.7;2597.83;2465.45;2547.79;2923.79;4276.4;63.06
2022-03-21T12:15:00+01:00;PT15M;Flanders;2686.42;2599.91;2461.36;2546.36;2900.26;4276.4;62.82
2022-03-21T12:00:00+01:00;PT15M;Flanders;2662.64;2587.73;2438.67;2528.28;2863.6;4276.4;62.26
2022-03-21T11:45:00+01:00;PT15M;Flanders;2630.45;2577.5;2404.35;2498.77;2814.1;4276.4;61.51
2022-03-21T11:30:00+01:00;PT15M;Flanders;2585.01;2537.01;2352.2;2450.45;2748.71;4276.4;60.45
2022-03-21T11:15:00+01:00;PT15M;Flanders;2503.7;2482.78;2289.4;2387.51;2673.0;4276.4;58.55
2022-03-21T11:00:00+01:00;PT15M;Flanders;2435.25;2411.23;2212.5;2305.2;2583.69;4276.4;56.95
2022-03-21T10:45:00+01:00;PT15M;Flanders;2328.58;2381.81;2124.45;2209.59;2475.61;4276.4;54.45
2022-03-21T10:30:00+01:00;PT15M;Flanders;2237.62;2279.52;2025.96;2102.83;2348.56;4276.4;52.33
2022-03-21T10:15:00+01:00;PT15M;Flanders;2107.85;2178.94;1924.83;2001.59;2214.45;4276.4;49.29
2022-03-21T10:00:00+01:00;PT15M;Flanders;1987.66;1996.4;1801.59;1885.42;2058.67;4276.4;46.48
2022-03-21T09:45:00+01:00;PT15M;Flanders;1838.44;1864.22;1660.1;1753.59;1887.49;4276.4;42.99
2022-03-21T09:30:00+01:00;PT15M;Flanders;1672.7;1713.73;1511.25;1609.92;1712.74;4276.4;39.11
2022-03-21T09:15:00+01:00;PT15M;Flanders;1503.69;1550.88;1349.7;1445.42;1536.67;4276.4;35.16
2022-03-21T09:00:00+01:00;PT15M;Flanders;1340.24;1377.07;1174.32;1263.87;1347.23;4276.4;31.34
2022-03-21T08:45:00+01:00;PT15M;Flanders;1160.64;1188.75;999.46;1080.72;1142.62;4276.4;27.14
2022-03-21T08:30:00+01:00;PT15M;Flanders;982.89;988.99;832.55;902.53;934.93;4276.4;22.98
2022-03-21T08:15:00+01:00;PT15M;Flanders;799.98;789.96;670.4;729.42;732.95;4276.4;18.71
2022-03-21T08:00:00+01:00;PT15M;Flanders;592.72;592.16;516.18;560.0;546.24;4276.4;13.86
2022-03-21T07:45:00+01:00;PT15M;Flanders;405.04;464.58;375.75;404.24;378.46;4276.4;9.47
2022-03-21T07:30:00+01:00;PT15M;Flanders;249.46;307.29;251.31;269.44;232.78;4276.4;5.83
2022-03-21T07:15:00+01:00;PT15M;Flanders;135.8;172.89;143.89;153.76;123.14;4276.4;3.18
2022-03-21T07:00:00+01:00;PT15M;Flanders;57.52;72.69;62.11;65.55;53.06;4276.4;1.35
2022-03-21T06:45:00+01:00;PT15M;Flanders;1.5;18.17;15.82;16.55;13.57;4276.4;0.04
2022-03-21T06:30:00+01:00;PT15M;Flanders;0.0;0.13;0.12;0.12;0.1;4276.4;0.0
2022-03-21T06:15:00+01:00;PT15M;Flanders;0.0;0.0;0.0;0.0;0.0;4276.4;0.0
2022-03-21T06:00:00+01:00;PT15M;Flanders;0.0;0.0;0.0;0.0;0.0;4276.4;0.0
2022-03-21T05:45:00+01:00;PT15M;Flanders;0.0;0.0;0.0;0.0;0.0;4276.4;0.0
2022-03-21T05:30:00+01:00;PT15M;Flanders;0.0;0.0;0.0;0.0;0.0;4276.4;0.0
2022-03-21T05:15:00+01:00;PT15M;Flanders;0.0;0.0;0.0;0.0;0.0;4276.4;0.0
2022-03-21T05:00:00+01:00;PT15M;Flanders;0.0;0.0;0.0;0.0;0.0;4276.4;0.0
2022-03-21T04:45:00+01:00;PT15M;Flanders;0.0;0.0;0.0;0.0;0.0;4276.4;0.0
2022-03-21T04:30:00+01:00;PT15M;Flanders;0.0;0.0;0.0;0.0;0.0;4276.4;0.0
2022-03-21T04:15:00+01:00;PT15M;Flanders;0.0;0.0;0.0;0.0;0.0;4276.4;0.0
2022-03-21T04:00:00+01:00;PT15M;Flanders;0.0;0.0;0.0;0.0;0.0;4276.4;0.0
2022-03-21T03:45:00+01:00;PT15M;Flanders;0.0;0.0;0.0;0.0;0.0;4276.4;0.0
2022-03-21T03:30:00+01:00;PT15M;Flanders;0.0;0.0;0.0;0.0;0.0;4276.4;0.0
2022-03-21T03:15:00+01:00;PT15M;Flanders;0.0;0.0;0.0;0.0;0.0;4276.4;0.0
2022-03-21T03:00:00+01:00;PT15M;Flanders;0.0;0.0;0.0;0.0;0.0;4276.4;0.0
2022-03-21T02:45:00+01:00;PT15M;Flanders;0.0;0.0;0.0;0.0;0.0;4276.4;0.0
2022-03-21T02:30:00+01:00;PT15M;Flanders;0.0;0.0;0.0;0.0;0.0;4276.4;0.0
2022-03-21T02:15:00+01:00;PT15M;Flanders;0.0;0.0;0.0;0.0;0.0;4276.4;0.0
2022-03-21T02:00:00+01:00;PT15M;Flanders;0.0;0.0;0.0;0.0;0.0;4276.4;0.0
2022-03-21T01:45:00+01:00;PT15M;Flanders;0.0;0.0;0.0;0.0;0.0;4276.4;0.0
2022-03-21T01:30:00+01:00;PT15M;Flanders;0.0;0.0;0.0;0.0;0.0;4276.4;0.0
2022-03-21T01:15:00+01:00;PT15M;Flanders;0.0;0.0;0.0;0.0;0.0;4276.4;0.0
2022-03-21T01:00:00+01:00;PT15M;Flanders;0.0;0.0;0.0;0.0;0.0;4276.4;0.0
2022-03-21T00:45:00+01:00;PT15M;Flanders;0.0;0.0;0.0;0.0;0.0;4276.4;0.0
2022-03-21T00:30:00+01:00;PT15M;Flanders;0.0;0.0;0.0;0.0;0.0;4276.4;0.0
2022-03-21T00:15:00+01:00;PT15M;Flanders;0.0;0.0;0.0;0.0;0.0;4276.4;0.0
2022-03-21T00:00:00+01:00;PT15M;Flanders;0.0;0.0;0.0;0.0;0.0;4276.4;0.0
