Datetime;Resolution code;Offshore/onshore;Region;Grid connection type;Measured & upscaled;Most recent forecast;Most recent P10;Most recent P90;Day Ahead 11AM Forecast;Day Ahead 11AM P10;Day Ahead 11AM P90;Day-ahead 6PM forecast;Day-ahead 6PM P10;Day-ahead 6PM P90;Week-ahead forecast;Week-ahead P10;Week-ahead P90;Monitored capacity;Load factor;Decremental bid Indicator
28-03-22 23:45;0.00:15:00;Offshore;Federal;Elia;;326.88;0.1;1250.39;;;;;;;326.88;0.1;1250.39;2254.4;;0
28-03-22 23:30;0.00:15:00;Offshore;Federal;Elia;;341.05;0.6;1272.78;;;;;;;341.05;0.6;1272.78;2254.4;;0
28-03-22 23:15;0.00:15:00;Offshore;Federal;Elia;;355.59;0.61;1287.81;;;;;;;355.59;0.61;1287.81;2254.4;;0
28-03-22 23:00;0.00:15:00;Offshore;Federal;Elia;;370.51;0.1;1316.04;;;;;;;370.51;0.1;1316.04;2254.4;;0
28-03-22 22:45;0.00:15:00;Offshore;Federal;Elia;;389.05;0.1;1324.99;;;;;;;389.05;0.1;1324.99;2254.4;;0
28-03-22 22:30;0.00:15:00;Offshore;Federal;Elia;;393.54;0.1;1316.25;;;;;;;393.54;0.1;1316.25;2254.4;;0
28-03-22 22:15;0.00:15:00;Offshore;Federal;Elia;;374.57;0.1;1323.26;;;;;;;374.57;0.1;1323.26;2254.4;;0
28-03-22 22:00;0.00:15:00;Offshore;Federal;Elia;;368.65;0.1;1333.51;;;;;;;368.65;0.1;1333.51;2254.4;;0
28-03-22 21:45;0.00:15:00;Offshore;Federal;Elia;;370.33;0.1;1354.34;;;;;;;370.33;0.1;1354.34;2254.4;;0
28-03-22 21:30;0.00:15:00;Offshore;Federal;Elia;;378.32;0.1;1385.88;;;;;;;378.32;0.1;1385.88;2254.4;;0
28-03-22 21:15;0.00:15:00;Offshore;Federal;Elia;;379.14;0.1;1421.42;;;;;;;379.14;0.1;1421.42;2254.4;;0
28-03-22 21:00;0.00:15:00;Offshore;Federal;Elia;;366.02;0.59;1464.35;;;;;;;366.02;0.59;1464.35;2254.4;;0
28-03-22 20:45;0.00:15:00;Offshore;Federal;Elia;;390.5;0.6;1487.88;;;;;;;390.5;0.6;1487.88;2254.4;;0
28-03-22 20:30;0.00:15:00;Offshore;Federal;Elia;;424.64;0.1;1523.03;;;;;;;424.64;0.1;1523.03;2254.4;;0
28-03-22 20:15;0.00:15:00;Offshore;Federal;Elia;;428.46;0.1;1578.86;;;;;;;428.46;0.1;1578.86;2254.4;;0
28-03-22 20:00;0.00:15:00;Offshore;Federal;Elia;;432.3;0.1;1594.45;;;;;;;432.3;0.1;1594.45;2254.4;;0
28-03-22 19:45;0.00:15:00;Offshore;Federal;Elia;;409.53;0.1;1562.05;;;;;;;409.53;0.1;1562.05;2254.4;;0
28-03-22 19:30;0.00:15:00;Offshore;Federal;Elia;;398.54;0.1;1512.76;;;;;;;398.54;0.1;1512.76;2254.4;;0
28-03-22 19:15;0.00:15:00;Offshore;Federal;Elia;;395.51;0.1;1443.39;;;;;;;395.51;0.1;1443.39;2254.4;;0
28-03-22 19:00;0.00:15:00;Offshore;Federal;Elia;;392.5;0.1;1394.36;;;;;;;392.5;0.1;1394.36;2254.4;;0
28-03-22 18:45;0.00:15:00;Offshore;Federal;Elia;;386.84;0.1;1344.78;;;;;;;386.84;0.1;1344.78;2254.4;;0
28-03-22 18:30;0.00:15:00;Offshore;Federal;Elia;;383.87;0.1;1292.44;;;;;;;383.87;0.1;1292.44;2254.4;;0
28-03-22 18:15;0.00:15:00;Offshore;Federal;Elia;;376.91;0.1;1224.96;;;;;;;376.91;0.1;1224.96;2254.4;;0
28-03-22 18:00;0.00:15:00;Offshore;Federal;Elia;;341.19;0.1;1170.55;;;;;;;341.19;0.1;1170.55;2254.4;;0
28-03-22 17:45;0.00:15:00;Offshore;Federal;Elia;;332.48;0.1;1113.68;;;;;;;332.48;0.1;1113.68;2254.4;;0
28-03-22 17:30;0.00:15:00;Offshore;Federal;Elia;;327.19;0.1;1052.72;;;;;;;327.19;0.1;1052.72;2254.4;;0
28-03-22 17:15;0.00:15:00;Offshore;Federal;Elia;;291.8;0.1;997.42;;;;;;;291.8;0.1;997.42;2254.4;;0
28-03-22 17:00;0.00:15:00;Offshore;Federal;Elia;;257.91;0.1;984.73;;;;;;;257.91;0.1;984.73;2254.4;;0
28-03-22 16:45;0.00:15:00;Offshore;Federal;Elia;;241.26;0.1;1015.9;;;;;;;241.26;0.1;1015.9;2254.4;;0
28-03-22 16:30;0.00:15:00;Offshore;Federal;Elia;;213.78;0.1;1059.63;;;;;;;213.78;0.1;1059.63;2254.4;;0
28-03-22 16:15;0.00:15:00;Offshore;Federal;Elia;;205.99;0.1;1106.25;;;;;;;205.99;0.1;1106.25;2254.4;;0
28-03-22 16:00;0.00:15:00;Offshore;Federal;Elia;;192.37;0.1;1088.14;;;;;;;192.37;0.1;1088.14;2254.4;;0
28-03-22 15:45;0.00:15:00;Offshore;Federal;Elia;;184.4;0.1;1042.5;;;;;;;184.4;0.1;1042.5;2254.4;;0
28-03-22 15:30;0.00:15:00;Offshore;Federal;Elia;;177.9;0.1;1002.6;;;;;;;177.9;0.1;1002.6;2254.4;;0
28-03-22 15:15;0.00:15:00;Offshore;Federal;Elia;;171.53;0.1;960.86;;;;;;;171.53;0.1;960.86;2254.4;;0
28-03-22 15:00;0.00:15:00;Offshore;Federal;Elia;;153.37;0.1;945.01;;;;;;;153.37;0.1;945.01;2254.4;;0
28-03-22 14:45;0.00:15:00;Offshore;Federal;Elia;;146.9;0.1;939.32;;;;;;;146.9;0.1;939.32;2254.4;;0
28-03-22 14:30;0.00:15:00;Offshore;Federal;Elia;;139.65;0.1;904.44;;;;;;;139.65;0.1;904.44;2254.4;;0
28-03-22 14:15;0.00:15:00;Offshore;Federal;Elia;;130.74;0.1;884.44;;;;;;;130.74;0.1;884.44;2254.4;;0
28-03-22 14:00;0.00:15:00;Offshore;Federal;Elia;;120.17;0.1;877.9;;;;;;;120.17;0.1;877.9;2254.4;;0
28-03-22 13:45;0.00:15:00;Offshore;Federal;Elia;;127.08;0.1;871.24;;;;;;;127.08;0.1;871.24;2254.4;;0
28-03-22 13:30;0.00:15:00;Offshore;Federal;Elia;;134.21;0.1;864.64;;;;;;;134.21;0.1;864.64;2254.4;;0
28-03-22 13:15;0.00:15:00;Offshore;Federal;Elia;;141.57;0.1;858.1;;;;;;;141.57;0.1;858.1;2254.4;;0
28-03-22 13:00;0.00:15:00;Offshore;Federal;Elia;;148.86;0.1;851.04;;;;;;;148.86;0.1;851.04;2254.4;;0
28-03-22 12:45;0.00:15:00;Offshore;Federal;Elia;;162.69;0.1;844.64;;;;;;;162.69;0.1;844.64;2254.4;;0
28-03-22 12:30;0.00:15:00;Offshore;Federal;Elia;;159.33;0.1;829.34;;;;;;;159.33;0.1;829.34;2254.4;;0
28-03-22 12:15;0.00:15:00;Offshore;Federal;Elia;;148.35;0.1;788.1;;;;;;;148.35;0.1;788.1;2254.4;;0
28-03-22 12:00;0.00:15:00;Offshore;Federal;Elia;;144.38;0.1;819.03;;;;;;;144.38;0.1;819.03;2254.4;;0
28-03-22 11:45;0.00:15:00;Offshore;Federal;Elia;;142.98;0.1;819.82;;;;;;;142.98;0.1;819.82;2254.4;;0
28-03-22 11:30;0.00:15:00;Offshore;Federal;Elia;;146.89;0.1;802.87;;;;;;;146.89;0.1;802.87;2254.4;;0
28-03-22 11:15;0.00:15:00;Offshore;Federal;Elia;;164.29;0.1;786.15;;;;;;;164.29;0.1;786.15;2254.4;;0
28-03-22 11:00;0.00:15:00;Offshore;Federal;Elia;;164.78;0.1;769.67;;;;;;;164.78;0.1;769.67;2254.4;;0
28-03-22 10:45;0.00:15:00;Offshore;Federal;Elia;;147.64;0.1;753.41;;;;;;;147.64;0.1;753.41;2254.4;;0
28-03-22 10:30;0.00:15:00;Offshore;Federal;Elia;;137.72;0.1;736.38;;;;;;;137.72;0.1;736.38;2254.4;;0
28-03-22 10:15;0.00:15:00;Offshore;Federal;Elia;;139.66;0.1;720.6;;;;;;;139.66;0.1;720.6;2254.4;;0
28-03-22 10:00;0.00:15:00;Offshore;Federal;Elia;;131.95;0.1;705.04;;;;;;;131.95;0.1;705.04;2254.4;;0
28-03-22 09:45;0.00:15:00;Offshore;Federal;Elia;;126.91;0.1;688.63;;;;;;;126.91;0.1;688.63;2254.4;;0
28-03-22 09:30;0.00:15:00;Offshore;Federal;Elia;;125.72;0.1;673.55;;;;;;;125.72;0.1;673.55;2254.4;;0
28-03-22 09:15;0.00:15:00;Offshore;Federal;Elia;;135.25;0.1;658.68;;;;;;;135.25;0.1;658.68;2254.4;;0
28-03-22 09:00;0.00:15:00;Offshore;Federal;Elia;;139.58;0.1;649.92;;;;;;;139.58;0.1;649.92;2254.4;;0
28-03-22 08:45;0.00:15:00;Offshore;Federal;Elia;;153.87;0.1;648.23;;;;;;;153.87;0.1;648.23;2254.4;;0
28-03-22 08:30;0.00:15:00;Offshore;Federal;Elia;;168.21;0.1;684.21;;;;;;;168.21;0.1;684.21;2254.4;;0
28-03-22 08:15;0.00:15:00;Offshore;Federal;Elia;;159.02;0.1;723.6;;;;;;;159.02;0.1;723.6;2254.4;;0
28-03-22 08:00;0.00:15:00;Offshore;Federal;Elia;;144.72;0.1;762.25;;;;;;;144.72;0.1;762.25;2254.4;;0
28-03-22 07:45;0.00:15:00;Offshore;Federal;Elia;;161.67;0.1;781.45;;;;;;;161.67;0.1;781.45;2254.4;;0
28-03-22 07:30;0.00:15:00;Offshore;Federal;Elia;;172.36;0.1;784.27;;;;;;;172.36;0.1;784.27;2254.4;;0
28-03-22 07:15;0.00:15:00;Offshore;Federal;Elia;;183.47;0.1;757.41;;;;;;;183.47;0.1;757.41;2254.4;;0
28-03-22 07:00;0.00:15:00;Offshore;Federal;Elia;;195.03;0.1;719.67;;;;;;;195.03;0.1;719.67;2254.4;;0
28-03-22 06:45;0.00:15:00;Offshore;Federal;Elia;;200.34;0.1;684.21;;;;;;;200.34;0.1;684.21;2254.4;;0
28-03-22 06:30;0.00:15:00;Offshore;Federal;Elia;;185.26;0.1;648.95;;;;;;;185.26;0.1;648.95;2254.4;;0
28-03-22 06:15;0.00:15:00;Offshore;Federal;Elia;;161.07;0.1;615.85;;;;;;;161.07;0.1;615.85;2254.4;;0
28-03-22 06:00;0.00:15:00;Offshore;Federal;Elia;;165.38;0.1;595.08;;;;;;;165.38;0.1;595.08;2254.4;;0
28-03-22 05:45;0.00:15:00;Offshore;Federal;Elia;;180.97;0.1;589.21;;;;;;;180.97;0.1;589.21;2254.4;;0
28-03-22 05:30;0.00:15:00;Offshore;Federal;Elia;;185.25;0.1;590.05;;;;;;;185.25;0.1;590.05;2254.4;;0
28-03-22 05:15;0.00:15:00;Offshore;Federal;Elia;;181.26;0.1;611.08;;;;;;;181.26;0.1;611.08;2254.4;;0
28-03-22 05:00;0.00:15:00;Offshore;Federal;Elia;;186.63;0.1;632.89;;;;;;;186.63;0.1;632.89;2254.4;;0
28-03-22 04:45;0.00:15:00;Offshore;Federal;Elia;;188;0.1;655.2;;;;;;;188;0.1;655.2;2254.4;;0
28-03-22 04:30;0.00:15:00;Offshore;Federal;Elia;;186.37;0.1;669.8;;;;;;;186.37;0.1;669.8;2254.4;;0
28-03-22 04:15;0.00:15:00;Offshore;Federal;Elia;;191.22;0.1;640.13;;;;;;;191.22;0.1;640.13;2254.4;;0
28-03-22 04:00;0.00:15:00;Offshore;Federal;Elia;;193.44;0.1;611.72;;;;;;;193.44;0.1;611.72;2254.4;;0
28-03-22 03:45;0.00:15:00;Offshore;Federal;Elia;;202.59;0.1;628.34;;;;;;;202.59;0.1;628.34;2254.4;;0
28-03-22 03:30;0.00:15:00;Offshore;Federal;Elia;;220.19;0.1;662.84;;;;;;;220.19;0.1;662.84;2254.4;;0
28-03-22 03:15;0.00:15:00;Offshore;Federal;Elia;;237.29;0.1;698.53;;;;;;;237.29;0.1;698.53;2254.4;;0
28-03-22 03:00;0.00:15:00;Offshore;Federal;Elia;;249.36;0.1;737.62;;;;;;;249.36;0.1;737.62;2254.4;;0
28-03-22 02:45;0.00:15:00;Offshore;Federal;Elia;;247.67;0.1;775.89;;;;;;;247.67;0.1;775.89;2254.4;;0
28-03-22 02:30;0.00:15:00;Offshore;Federal;Elia;;232.14;0.1;815.42;;;;;;;232.14;0.1;815.42;2254.4;;0
28-03-22 02:15;0.00:15:00;Offshore;Federal;Elia;;219.54;0.1;856.85;;;;;;;219.54;0.1;856.85;2254.4;;0
28-03-22 02:00;0.00:15:00;Offshore;Federal;Elia;;228.42;0.1;895.35;;;;;;;228.42;0.1;895.35;2254.4;;0
28-03-22 01:45;0.00:15:00;Offshore;Federal;Elia;;242.49;0.1;849.86;;;;;;;242.49;0.1;849.86;2254.4;;0
28-03-22 01:30;0.00:15:00;Offshore;Federal;Elia;;246.64;0.1;803.08;;;;;;;246.64;0.1;803.08;2254.4;;0
28-03-22 01:15;0.00:15:00;Offshore;Federal;Elia;;242.07;0.1;786.73;;;;;;;242.07;0.1;786.73;2254.4;;0
28-03-22 01:00;0.00:15:00;Offshore;Federal;Elia;;235.08;0.1;724.95;;;;;;;235.08;0.1;724.95;2254.4;;0
28-03-22 00:45;0.00:15:00;Offshore;Federal;Elia;;231.53;0.1;734.89;;;;;;;231.53;0.1;734.89;2254.4;;0
28-03-22 00:30;0.00:15:00;Offshore;Federal;Elia;;218.4;0.1;753.12;;;;;;;218.4;0.1;753.12;2254.4;;0
28-03-22 00:15;0.00:15:00;Offshore;Federal;Elia;;202.15;0.1;771.63;;;;;;;202.15;0.1;771.63;2254.4;;0
28-03-22 00:00;0.00:15:00;Offshore;Federal;Elia;;205.32;0.1;790.44;;;;;;;205.32;0.1;790.44;2254.4;;0
27-03-22 23:45;0.00:15:00;Offshore;Federal;Elia;;214.64;0.1;809.55;;;;;;;440.2;66;1318.74;2254.4;;0
27-03-22 23:30;0.00:15:00;Offshore;Federal;Elia;;223.06;0.1;836.31;;;;;;;452.73;65.6;1352.89;2254.4;;0
27-03-22 23:15;0.00:15:00;Offshore;Federal;Elia;;234.96;0.1;868.73;;;;;;;465.15;65.02;1364.8;2254.4;;0
27-03-22 23:00;0.00:15:00;Offshore;Federal;Elia;;243.88;0.1;876.63;;;;;;;475.03;63.93;1399.55;2254.4;;0
27-03-22 22:45;0.00:15:00;Offshore;Federal;Elia;;242.91;0.57;903.54;;;;;;;482.41;62.86;1407.85;2254.4;;0
27-03-22 22:30;0.00:15:00;Offshore;Federal;Elia;;231.19;1.11;931.81;;;;;;;485.62;61.8;1409.58;2254.4;;0
27-03-22 22:15;0.00:15:00;Offshore;Federal;Elia;;242.32;0.57;966.14;;;;;;;482.09;60.76;1379.83;2254.4;;0
27-03-22 22:00;0.00:15:00;Offshore;Federal;Elia;;233.49;0.1;1002.58;;;;;;;488.74;59.73;1400.97;2254.4;;0
27-03-22 21:45;0.00:15:00;Offshore;Federal;Elia;;216.2;0.1;1031.65;;;;;;;507.92;58.72;1419.91;2254.4;;0
27-03-22 21:30;0.00:15:00;Offshore;Federal;Elia;;200.44;0.1;1060.15;;;;;;;506.58;43.94;1453.18;2254.4;;0
27-03-22 21:15;0.00:15:00;Offshore;Federal;Elia;;189.6;0.1;1088.45;;;;;;;503.26;43.34;1479.59;2254.4;;0
27-03-22 21:00;0.00:15:00;Offshore;Federal;Elia;;182.89;0.1;1117.65;;;;;;;526.41;42.75;1480.1;2254.4;;0
27-03-22 20:45;0.00:15:00;Offshore;Federal;Elia;;180.19;0.1;1141.15;;;;;;;554.8;42.17;1499.14;2254.4;;0
27-03-22 20:30;0.00:15:00;Offshore;Federal;Elia;;169.91;0.1;1150.28;;;;;;;571.86;46.4;1531.89;2254.4;;0
27-03-22 20:15;0.00:15:00;Offshore;Federal;Elia;;164.37;0.1;1170.67;;;;;;;566.71;43.29;1538.56;2254.4;;0
27-03-22 20:00;0.00:15:00;Offshore;Federal;Elia;;150.64;0.1;1201.15;;;;;;;557.25;32.8;1576.15;2254.4;;0
27-03-22 19:45;0.00:15:00;Offshore;Federal;Elia;;160.57;0.1;1156.77;;;;;;;540.03;34.07;1535.11;2254.4;;0
27-03-22 19:30;0.00:15:00;Offshore;Federal;Elia;;163.67;0.1;1121.4;;;;;;;520.68;36.26;1515.49;2254.4;;0
27-03-22 19:15;0.00:15:00;Offshore;Federal;Elia;;166.8;0.1;1097.15;;;;;;;512.33;38.53;1468.8;2254.4;;0
27-03-22 19:00;0.00:15:00;Offshore;Federal;Elia;;169.98;0.1;1067.06;;;;;;;503.79;45.76;1438.81;2254.4;;0
27-03-22 18:45;0.00:15:00;Offshore;Federal;Elia;;173.18;0.1;1048.68;;;;;;;485.25;46.92;1388.16;2254.4;;0
27-03-22 18:30;0.00:15:00;Offshore;Federal;Elia;;176.42;0.1;1026.11;;;;;;;469.68;41.85;1365.22;2254.4;;0
27-03-22 18:15;0.00:15:00;Offshore;Federal;Elia;;173.02;0.1;997.95;;;;;;;453.22;64.81;1311.12;2254.4;;0
27-03-22 18:00;0.00:15:00;Offshore;Federal;Elia;;156.67;0.1;966.55;;;;;;;437.58;50.51;1260.21;2254.4;;0
27-03-22 17:45;0.00:15:00;Offshore;Federal;Elia;;138.78;0.1;934.71;;;;;;;414.75;51.93;1208.08;2254.4;;0
27-03-22 17:30;0.00:15:00;Offshore;Federal;Elia;;125.02;0.1;903.57;;;;;;;397.75;66.96;1192.66;2254.4;;0
27-03-22 17:15;0.00:15:00;Offshore;Federal;Elia;;107.78;0.1;873.13;;;;;;;391.96;57.26;1167.72;2254.4;;0
27-03-22 17:00;0.00:15:00;Offshore;Federal;Elia;;89.77;0.1;857.99;;;;;;;378.02;38.49;1143.14;2254.4;;0
27-03-22 16:45;0.00:15:00;Offshore;Federal;Elia;;89.7;0.1;837.22;;;;;;;361.68;34.11;1118.98;2254.4;;0
27-03-22 16:30;0.00:15:00;Offshore;Federal;Elia;;89.63;0.1;814.21;;;;;;;343.95;29.98;1091.86;2254.4;;0
27-03-22 16:15;0.00:15:00;Offshore;Federal;Elia;;89.56;0.1;800.88;;;;;;;333.41;16.64;1050.46;2254.4;;0
27-03-22 16:00;0.00:15:00;Offshore;Federal;Elia;;89.5;0.1;794.78;;;;;;;324.39;9.91;1014.74;2254.4;;0
27-03-22 15:45;0.00:15:00;Offshore;Federal;Elia;;89.43;0.1;790.51;;;;;;;318.25;8.25;996.39;2254.4;;0
27-03-22 15:30;0.00:15:00;Offshore;Federal;Elia;;89.36;0.1;786.26;;;;;;;307.27;6.7;981.41;2254.4;;0
27-03-22 15:15;0.00:15:00;Offshore;Federal;Elia;;89.3;0.1;782.02;;;;;;;300.85;3.63;974.85;2254.4;;0
27-03-22 15:00;0.00:15:00;Offshore;Federal;Elia;;89.24;0.1;777.81;;;;;;;296.65;1.5;958.11;2254.4;;0
27-03-22 14:45;0.00:15:00;Offshore;Federal;Elia;;89.17;0.1;773.61;;;;;;;287.8;1.35;938.99;2254.4;;0
27-03-22 14:30;0.00:15:00;Offshore;Federal;Elia;;89.65;0.1;749.89;;;;;;;275.32;1.2;924.6;2254.4;;0
27-03-22 14:15;0.00:15:00;Offshore;Federal;Elia;;86.16;0.1;715.51;;;;;;;263.1;1.05;910.5;2254.4;;0
27-03-22 14:00;0.00:15:00;Offshore;Federal;Elia;;83.96;0.1;709.09;;;;;;;253.98;0.1;896.72;2254.4;;0
27-03-22 13:45;0.00:15:00;Offshore;Federal;Elia;;84.67;0.1;719.2;;;;;;;253.69;0.1;885.4;2254.4;;0
27-03-22 13:30;0.00:15:00;Offshore;Federal;Elia;;85.94;0.1;725.77;;;;;;;263.65;0.1;889.24;2254.4;;0
27-03-22 13:15;0.00:15:00;Offshore;Federal;Elia;;84.97;0.1;690.4;;;;;;;274.31;1.06;880.25;2254.4;;0
27-03-22 13:00;0.00:15:00;Offshore;Federal;Elia;;81.38;0.1;646.67;;;;;;;274.99;1.14;889.95;2254.4;;0
27-03-22 12:45;0.00:15:00;Offshore;Federal;Elia;;82.67;0.1;632.47;;;;;;;292.34;1.22;899.99;2254.4;;0
27-03-22 12:30;0.00:15:00;Offshore;Federal;Elia;;84.45;0.1;673.29;;;;;;;310.96;1.31;911.32;2254.4;;0
27-03-22 12:15;0.00:15:00;Offshore;Federal;Elia;;86.25;0.1;714.74;;;;;;;325.38;1.41;917.27;2254.4;;0
27-03-22 12:00;0.00:15:00;Offshore;Federal;Elia;;88.07;0.1;749.79;;;;;;;336.88;1.56;927.5;2254.4;;0
27-03-22 11:45;0.00:15:00;Offshore;Federal;Elia;;89.9;0.1;773.9;;;;;;;348.18;3.99;945.08;2254.4;;0
27-03-22 11:30;0.00:15:00;Offshore;Federal;Elia;;91.67;0.1;780.81;;;;;;;336.44;7.44;965.56;2254.4;;0
27-03-22 11:15;0.00:15:00;Offshore;Federal;Elia;;93.46;0.1;787.77;;;;;;;334.24;7.78;1009.51;2254.4;;0
27-03-22 11:00;0.00:15:00;Offshore;Federal;Elia;;99.65;0.1;792.01;;;;;;;337.56;8.14;1038.25;2254.4;;0
27-03-22 10:45;0.00:15:00;Offshore;Federal;Elia;;109.02;0.1;783.75;;;;;;;340.91;8.4;1045.09;2254.4;;0
27-03-22 10:30;0.00:15:00;Offshore;Federal;Elia;;112.02;0.1;772.57;;;;;;;352.4;9.14;1048.17;2254.4;;0
27-03-22 10:15;0.00:15:00;Offshore;Federal;Elia;;116.08;0.1;761.17;;;;;;;366.08;10.18;1049.71;2254.4;;0
27-03-22 10:00;0.00:15:00;Offshore;Federal;Elia;;117.73;0.1;765.75;;;;;;;388.64;11.25;1054.27;2254.4;;0
27-03-22 09:45;0.00:15:00;Offshore;Federal;Elia;;118.89;0.1;781.14;;;;;;;408.79;27.52;1066.55;2254.4;;0
27-03-22 09:30;0.00:15:00;Offshore;Federal;Elia;;125.03;0.1;796.82;;;;;;;432.66;29.89;1080.28;2254.4;;0
27-03-22 09:15;0.00:15:00;Offshore;Federal;Elia;;134.04;0.1;812.79;;;;;;;457.93;32.36;1113.75;2254.4;;0
27-03-22 09:00;0.00:15:00;Offshore;Federal;Elia;;139.52;0.1;828.2;;;;;;;478.67;32.85;1182.42;2254.4;;0
27-03-22 08:45;0.00:15:00;Offshore;Federal;Elia;;142.91;0.1;832.51;;;;;;;500.17;16.79;1258.66;2254.4;;0
27-03-22 08:30;0.00:15:00;Offshore;Federal;Elia;;142.86;0.1;835.94;;;;;;;514.89;18.33;1333.03;2254.4;;0
27-03-22 08:15;0.00:15:00;Offshore;Federal;Elia;;142.81;0.1;833.13;;;;;;;526.75;20.53;1403.34;2254.4;;0
27-03-22 08:00;0.00:15:00;Offshore;Federal;Elia;;143.26;0.1;830.94;;;;;;;530.64;27.85;1493.11;2254.4;;0
27-03-22 07:45;0.00:15:00;Offshore;Federal;Elia;;156.24;0.1;847.76;;;;;;;561.67;28.07;1450.56;2254.4;;0
27-03-22 07:30;0.00:15:00;Offshore;Federal;Elia;;172.88;0.1;861.09;;;;;;;581.79;22.94;1454.89;2254.4;;0
27-03-22 07:15;0.00:15:00;Offshore;Federal;Elia;;181.83;0.1;871.41;;;;;;;573.4;21.87;1460.89;2254.4;;0
27-03-22 07:00;0.00:15:00;Offshore;Federal;Elia;;195.13;0.1;881.11;;;;;;;582.31;20.83;1466.53;2254.4;;0
27-03-22 06:45;0.00:15:00;Offshore;Federal;Elia;;203.03;0.1;890.89;;;;;;;606.96;10.27;1471.81;2254.4;;0
27-03-22 06:30;0.00:15:00;Offshore;Federal;Elia;;215.96;0.1;900.73;;;;;;;621.71;9.64;1471.96;2254.4;;0
27-03-22 06:15;0.00:15:00;Offshore;Federal;Elia;;231.49;1.17;910.65;;;;;;;635.28;10.02;1471.85;2254.4;;0
27-03-22 06:00;0.00:15:00;Offshore;Federal;Elia;;244.29;1.34;920.64;;;;;;;644.24;21.3;1471.74;2254.4;;0
27-03-22 05:45;0.00:15:00;Offshore;Federal;Elia;;258.14;1.49;930.7;;;;;;;653.28;23.06;1471.64;2254.4;;0
27-03-22 05:30;0.00:15:00;Offshore;Federal;Elia;;275.72;3.65;940.83;;;;;;;662.4;30.05;1471.53;2254.4;;0
27-03-22 05:15;0.00:15:00;Offshore;Federal;Elia;;293.47;6.1;957.46;;;;;;;671.61;31.63;1471.43;2254.4;;0
27-03-22 05:00;0.00:15:00;Offshore;Federal;Elia;;313.52;6.06;987.21;;;;;;;682.76;32.85;1471.32;2254.4;;0
27-03-22 04:45;0.00:15:00;Offshore;Federal;Elia;;329.27;3.88;1018.5;;;;;;;698.6;34.12;1471.22;2254.4;;0
27-03-22 04:30;0.00:15:00;Offshore;Federal;Elia;;344.88;6.51;1039.02;;;;;;;721.47;36.96;1470.55;2254.4;;0
27-03-22 04:15;0.00:15:00;Offshore;Federal;Elia;;353.18;7.66;1037.52;;;;;;;745.93;36.49;1471.02;2254.4;;0
27-03-22 04:00;0.00:15:00;Offshore;Federal;Elia;;369.53;9.01;1037.49;;;;;;;764.52;35.57;1470.92;2254.4;;0
27-03-22 03:45;0.00:15:00;Offshore;Federal;Elia;;387.47;10;1047.33;;;;;;;766.48;35;1470.82;2254.4;;0
27-03-22 03:30;0.00:15:00;Offshore;Federal;Elia;;408.21;10.55;1057.23;;;;;;;805.04;34.88;1476.99;2254.4;;0
27-03-22 03:15;0.00:15:00;Offshore;Federal;Elia;;426.59;10.7;1067.19;;;;;;;844.97;34.77;1477.19;2254.4;;0
27-03-22 03:00;0.00:15:00;Offshore;Federal;Elia;;444.08;17.21;1086.94;;;;;;;867.34;34.66;1489.16;2254.4;;0
27-03-22 01:45;0.00:15:00;Offshore;Federal;Elia;;463.76;17.56;1108.5;;;;;;;893.63;34.54;1486.85;2254.4;;0
27-03-22 01:30;0.00:15:00;Offshore;Federal;Elia;;484.5;16.06;1116.11;;;;;;;919.12;34.43;1520.71;2254.4;;0
27-03-22 01:15;0.00:15:00;Offshore;Federal;Elia;;507.02;14.68;1123.75;;;;;;;922.15;34.43;1551.22;2254.4;;0
27-03-22 01:00;0.00:15:00;Offshore;Federal;Elia;;534.13;9.61;1131.43;;;;;;;947.21;35.83;1586.34;2254.4;;0
27-03-22 00:45;0.00:15:00;Offshore;Federal;Elia;;570.87;10.25;1132.97;;;;;;;967.6;54.2;1588.87;2254.4;;0
27-03-22 00:30;0.00:15:00;Offshore;Federal;Elia;;600.07;10.91;1135.68;;;;;;;981.46;62.51;1571.23;2254.4;;0
27-03-22 00:15;0.00:15:00;Offshore;Federal;Elia;;616.54;27.87;1159.91;;;;;;;1001.73;76.35;1555.72;2254.4;;0
27-03-22 00:00;0.00:15:00;Offshore;Federal;Elia;;657.54;32.11;1187.31;;;;;;;1013.72;86.47;1537.81;2254.4;;0
26-03-22 23:45;0.00:15:00;Offshore;Federal;Elia;;678.47;36.63;1226.98;;;;;;;810.98;253.18;1554.07;2254.4;;0
26-03-22 23:30;0.00:15:00;Offshore;Federal;Elia;;690.9;38.73;1269;;;;;;;823.48;276.32;1571.58;2254.4;;0
26-03-22 23:15;0.00:15:00;Offshore;Federal;Elia;;668.1;38.51;1308.71;;;;;;;831.33;306.37;1553.44;2254.4;;0
26-03-22 23:00;0.00:15:00;Offshore;Federal;Elia;;674.56;40.58;1350.64;;;;;;;842.9;315.5;1554.92;2254.4;;0
26-03-22 22:45;0.00:15:00;Offshore;Federal;Elia;;687.54;59.33;1372.26;;;;;;;854.93;314.93;1554.73;2254.4;;0
26-03-22 22:30;0.00:15:00;Offshore;Federal;Elia;;700.85;70.36;1408.24;;;;;;;867.98;304.4;1572.43;2254.4;;0
26-03-22 22:15;0.00:15:00;Offshore;Federal;Elia;;716.43;84.96;1449.48;;;;;;;889.8;302.72;1600.53;2254.4;;0
26-03-22 22:00;0.00:15:00;Offshore;Federal;Elia;;730.11;108.51;1489.4;;;;;;;917.71;301.89;1609.79;2254.4;;0
26-03-22 21:45;0.00:15:00;Offshore;Federal;Elia;;737.69;115.79;1494.55;;;;;;;931.46;304.24;1635.79;2254.4;;0
26-03-22 21:30;0.00:15:00;Offshore;Federal;Elia;;770.58;123.13;1528.64;;;;;;;948.67;305.25;1651.15;2254.4;;0
26-03-22 21:15;0.00:15:00;Offshore;Federal;Elia;;812.61;123.74;1571.21;;;;;;;966.64;293.45;1663.82;2254.4;;0
26-03-22 21:00;0.00:15:00;Offshore;Federal;Elia;;833.66;124.36;1559.29;;;;;;;985.53;274.76;1677.21;2254.4;;0
26-03-22 20:45;0.00:15:00;Offshore;Federal;Elia;;771.97;126.29;1569.75;;;;;;;1008.94;259.32;1673.47;2254.4;;0
26-03-22 20:30;0.00:15:00;Offshore;Federal;Elia;;787.04;120.61;1612.14;;;;;;;1030.6;244.44;1691.23;2254.4;;0
26-03-22 20:15;0.00:15:00;Offshore;Federal;Elia;;786.82;124.81;1636.03;;;;;;;1049.95;230.09;1696.17;2254.4;;0
26-03-22 20:00;0.00:15:00;Offshore;Federal;Elia;;789.26;119.01;1658.85;;;;;;;1072.27;210.7;1761.62;2254.4;;0
26-03-22 19:45;0.00:15:00;Offshore;Federal;Elia;;812.65;122.44;1666.69;;;;;;;1100.42;197.72;1775.02;2254.4;;0
26-03-22 19:30;0.00:15:00;Offshore;Federal;Elia;;836.5;125.59;1740.51;;;;;;;1116.84;185.24;1773.02;2254.4;;0
26-03-22 19:15;0.00:15:00;Offshore;Federal;Elia;;857.28;132.04;1780.84;;;;;;;1134.58;173.25;1796.69;2254.4;;0
26-03-22 19:00;0.00:15:00;Offshore;Federal;Elia;;882.57;132.73;1780.78;;;;;;;1152.69;161.73;1839.16;2254.4;;0
26-03-22 18:45;0.00:15:00;Offshore;Federal;Elia;;869.19;115.65;1779.34;;;;;;;1103.54;151.79;1781.28;2254.4;;0
26-03-22 18:30;0.00:15:00;Offshore;Federal;Elia;;855.97;102.69;1743.97;;;;;;;1075.01;152.9;1787.01;2254.4;;0
26-03-22 18:15;0.00:15:00;Offshore;Federal;Elia;;843.31;86.21;1721.82;;;;;;;1055.32;158.76;1707.03;2254.4;;0
26-03-22 18:00;0.00:15:00;Offshore;Federal;Elia;;822.31;68.9;1625.67;;;;;;;1036.51;164.74;1669.52;2254.4;;0
26-03-22 17:45;0.00:15:00;Offshore;Federal;Elia;;801.67;59.52;1601.27;;;;;;;1015.38;174.07;1653.99;2254.4;;0
26-03-22 17:30;0.00:15:00;Offshore;Federal;Elia;;781.37;41.67;1556.05;;;;;;;992.77;180.42;1634.3;2254.4;;0
26-03-22 17:15;0.00:15:00;Offshore;Federal;Elia;;761.43;22.44;1512.34;;;;;;;955.29;186.92;1597.08;2254.4;;0
26-03-22 17:00;0.00:15:00;Offshore;Federal;Elia;;741.82;18.78;1475.21;;;;;;;932.75;196.87;1558.55;2254.4;;0
26-03-22 16:45;0.00:15:00;Offshore;Federal;Elia;;721.56;15.47;1405.1;;;;;;;899.86;201.41;1516.33;2254.4;;0
26-03-22 16:30;0.00:15:00;Offshore;Federal;Elia;;702.66;9.63;1364.26;;;;;;;872.71;190.58;1491.09;2254.4;;0
26-03-22 16:15;0.00:15:00;Offshore;Federal;Elia;;683.02;9.43;1367.54;;;;;;;848.23;168.43;1463.75;2254.4;;0
26-03-22 16:00;0.00:15:00;Offshore;Federal;Elia;;662.35;9.24;1363.81;;;;;;;824.19;141.33;1446.11;2254.4;;0
26-03-22 15:45;0.00:15:00;Offshore;Federal;Elia;;608.37;8.24;1324.05;;;;;;;800.6;123.08;1441.17;2254.4;;0
26-03-22 15:30;0.00:15:00;Offshore;Federal;Elia;;562.44;8.33;1254.04;;;;;;;776.88;99.6;1415.96;2254.4;;0
26-03-22 15:15;0.00:15:00;Offshore;Federal;Elia;;554.31;8.84;1170.65;;;;;;;736.31;90.87;1376.12;2254.4;;0
26-03-22 15:00;0.00:15:00;Offshore;Federal;Elia;;524.8;7.58;1093.67;;;;;;;661.82;88.72;1344.04;2254.4;;0
26-03-22 14:45;0.00:15:00;Offshore;Federal;Elia;;467.46;4.12;1040.47;;;;;;;643.54;82.3;1295.03;2254.4;;0
26-03-22 14:30;0.00:15:00;Offshore;Federal;Elia;;415.74;3.48;1003.24;;;;;;;636.07;80.29;1268.18;2254.4;;0
26-03-22 14:15;0.00:15:00;Offshore;Federal;Elia;;364.76;1.38;970.51;;;;;;;627.72;78.3;1233.98;2254.4;;0
26-03-22 14:00;0.00:15:00;Offshore;Federal;Elia;;321.9;1.3;945.31;;;;;;;612.9;76.34;1211.29;2254.4;;0
26-03-22 13:45;0.00:15:00;Offshore;Federal;Elia;;323.23;1.27;932.39;;;;;;;595.74;72.24;1178;2254.4;;0
26-03-22 13:30;0.00:15:00;Offshore;Federal;Elia;;330.28;0.6;899.16;;;;;;;574.41;65.76;1145.32;2254.4;;0
26-03-22 13:15;0.00:15:00;Offshore;Federal;Elia;;337.44;0.1;842.45;;;;;;;546.95;39.81;1113.24;2254.4;;0
26-03-22 13:00;0.00:15:00;Offshore;Federal;Elia;;344.69;0.1;809.58;;;;;;;523.41;33.11;1088.37;2254.4;;0
26-03-22 12:45;0.00:15:00;Offshore;Federal;Elia;;356.41;0.1;785.32;;;;;;;526.3;36.59;1090.46;2254.4;;0
26-03-22 12:30;0.00:15:00;Offshore;Federal;Elia;;368.39;0.1;797.21;;;;;;;529.23;54.26;1099.21;2254.4;;0
26-03-22 12:15;0.00:15:00;Offshore;Federal;Elia;;383.81;0.1;804.05;;;;;;;530.81;57.21;1109.67;2254.4;;0
26-03-22 12:00;0.00:15:00;Offshore;Federal;Elia;;393.91;0.1;793.67;;;;;;;546.77;60.24;1123.66;2254.4;;0
26-03-22 11:45;0.00:15:00;Offshore;Federal;Elia;;394.7;0.1;809.95;;;;;;;549.88;63.36;1137.78;2254.4;;0
26-03-22 11:30;0.00:15:00;Offshore;Federal;Elia;;390.35;0.58;842.85;;;;;;;544.67;66.55;1152.04;2254.4;;0
26-03-22 11:15;0.00:15:00;Offshore;Federal;Elia;;384.36;1.1;876.7;;;;;;;536.82;73.34;1166.42;2254.4;;0
26-03-22 11:00;0.00:15:00;Offshore;Federal;Elia;;378.44;1.19;907.89;;;;;;;528.52;71.25;1180.95;2254.4;;0
26-03-22 10:45;0.00:15:00;Offshore;Federal;Elia;;382.11;1.3;923.75;;;;;;;545.95;66.8;1195.6;2254.4;;0
26-03-22 10:30;0.00:15:00;Offshore;Federal;Elia;;397.71;1.4;937.53;;;;;;;554.07;58.16;1199.28;2254.4;;0
26-03-22 10:15;0.00:15:00;Offshore;Federal;Elia;;403.29;1.51;949.87;;;;;;;561.14;67.7;1214.03;2254.4;;0
26-03-22 10:00;0.00:15:00;Offshore;Federal;Elia;;395.01;1.62;958.31;;;;;;;568.3;74.33;1228.91;2254.4;;0
26-03-22 09:45;0.00:15:00;Offshore;Federal;Elia;;381.77;3.64;969.92;;;;;;;577.37;81.3;1248.76;2254.4;;0
26-03-22 09:30;0.00:15:00;Offshore;Federal;Elia;;371.82;3.61;975.95;;;;;;;576.73;84.36;1306.89;2254.4;;0
26-03-22 09:15;0.00:15:00;Offshore;Federal;Elia;;364.89;3.58;978.67;;;;;;;570.99;78.79;1311.56;2254.4;;0
26-03-22 09:00;0.00:15:00;Offshore;Federal;Elia;;359.27;3.55;971.53;;;;;;;559.99;70.98;1301.29;2254.4;;0
26-03-22 08:45;0.00:15:00;Offshore;Federal;Elia;;348.49;3.52;954.39;;;;;;;547.29;49.99;1319.61;2254.4;;0
26-03-22 08:30;0.00:15:00;Offshore;Federal;Elia;;346.65;3.49;937.45;;;;;;;542.04;40.02;1325.48;2254.4;;0
26-03-22 08:15;0.00:15:00;Offshore;Federal;Elia;;344.83;1.54;920.71;;;;;;;548.02;35.4;1346.54;2254.4;;0
26-03-22 08:00;0.00:15:00;Offshore;Federal;Elia;;343;1.49;904.16;;;;;;;556.11;31.07;1332.03;2254.4;;0
26-03-22 07:45;0.00:15:00;Offshore;Federal;Elia;;335.96;1.44;887.81;;;;;;;564.28;26.99;1351.32;2254.4;;0
26-03-22 07:30;0.00:15:00;Offshore;Federal;Elia;;330.06;1.38;875.13;;;;;;;572.53;27.25;1371.25;2254.4;;0
26-03-22 07:15;0.00:15:00;Offshore;Federal;Elia;;337.58;1.32;859.11;;;;;;;582.17;31.77;1391.38;2254.4;;0
26-03-22 07:00;0.00:15:00;Offshore;Federal;Elia;;353.09;1.26;843.27;;;;;;;594.15;36.62;1412.6;2254.4;;0
26-03-22 06:45;0.00:15:00;Offshore;Federal;Elia;;356.25;1.32;836.83;;;;;;;612.09;34.02;1379.98;2254.4;;0
26-03-22 06:30;0.00:15:00;Offshore;Federal;Elia;;351.92;1.28;847.66;;;;;;;628.42;31.53;1350.33;2254.4;;0
26-03-22 06:15;0.00:15:00;Offshore;Federal;Elia;;359.71;1.2;858.69;;;;;;;636.04;29.12;1334.69;2254.4;;0
26-03-22 06:00;0.00:15:00;Offshore;Federal;Elia;;363.06;1.19;869.81;;;;;;;630.69;21.74;1341.39;2254.4;;0
26-03-22 05:45;0.00:15:00;Offshore;Federal;Elia;;366.43;1.25;877.52;;;;;;;635.15;10.82;1337.04;2254.4;;0
26-03-22 05:30;0.00:15:00;Offshore;Federal;Elia;;369.82;1.32;888.78;;;;;;;644.55;10.45;1334.95;2254.4;;0
26-03-22 05:15;0.00:15:00;Offshore;Federal;Elia;;377.83;1.38;900.14;;;;;;;659.97;16.46;1354.61;2254.4;;0
26-03-22 05:00;0.00:15:00;Offshore;Federal;Elia;;385.04;1.45;911.59;;;;;;;673.09;27.43;1385.52;2254.4;;0
26-03-22 04:45;0.00:15:00;Offshore;Federal;Elia;;384.64;1.37;952.6;;;;;;;687.79;29;1417.19;2254.4;;0
26-03-22 04:30;0.00:15:00;Offshore;Federal;Elia;;393.71;1.26;954.51;;;;;;;700.28;30.61;1449.35;2254.4;;0
26-03-22 04:15;0.00:15:00;Offshore;Federal;Elia;;416.44;1.18;951.93;;;;;;;700.99;32.25;1481.98;2254.4;;0
26-03-22 04:00;0.00:15:00;Offshore;Federal;Elia;;424.28;0.63;958.35;;;;;;;709.88;33.94;1487.54;2254.4;;0
26-03-22 03:45;0.00:15:00;Offshore;Federal;Elia;;432.21;1.21;979.36;;;;;;;726.68;35.57;1484.48;2254.4;;0
26-03-22 03:30;0.00:15:00;Offshore;Federal;Elia;;433.02;1.34;1002.29;;;;;;;738.08;33.63;1517.17;2254.4;;0
26-03-22 03:15;0.00:15:00;Offshore;Federal;Elia;;442.13;1.56;1025.58;;;;;;;756.43;31.36;1546.24;2254.4;;0
26-03-22 03:00;0.00:15:00;Offshore;Federal;Elia;;466.08;6.42;1045.63;;;;;;;769.3;30.29;1570.63;2254.4;;0
26-03-22 02:45;0.00:15:00;Offshore;Federal;Elia;;483.87;8.58;1068.54;;;;;;;792.87;31.12;1549.21;2254.4;;0
26-03-22 02:30;0.00:15:00;Offshore;Federal;Elia;;496.07;15.95;1092.79;;;;;;;812.73;32.49;1527.42;2254.4;;0
26-03-22 02:15;0.00:15:00;Offshore;Federal;Elia;;504.53;19.62;1115.99;;;;;;;825.67;33.89;1506.96;2254.4;;0
26-03-22 02:00;0.00:15:00;Offshore;Federal;Elia;;529.78;34.06;1130.91;;;;;;;838.76;35.32;1486.12;2254.4;;0
26-03-22 01:45;0.00:15:00;Offshore;Federal;Elia;;564.11;39.69;1142.86;;;;;;;838.8;36.78;1503.84;2254.4;;0
26-03-22 01:30;0.00:15:00;Offshore;Federal;Elia;;583.61;61.86;1145.64;;;;;;;847.32;38.28;1514.18;2254.4;;0
26-03-22 01:15;0.00:15:00;Offshore;Federal;Elia;;582.65;70.74;1193.03;;;;;;;853.45;39.85;1540.07;2254.4;;0
26-03-22 01:00;0.00:15:00;Offshore;Federal;Elia;;579.8;87.37;1208.34;;;;;;;853.62;41.45;1543.5;2254.4;;0
26-03-22 00:45;0.00:15:00;Offshore;Federal;Elia;;608.64;102.25;1216;;;;;;;869.25;59.33;1545.31;2254.4;;0
26-03-22 00:30;0.00:15:00;Offshore;Federal;Elia;;642.58;107.28;1253;;;;;;;881.67;63.52;1563.63;2254.4;;0
26-03-22 00:15;0.00:15:00;Offshore;Federal;Elia;;662.14;108.56;1292.46;;;;;;;886.4;72.85;1537.37;2254.4;;0
26-03-22 00:00;0.00:15:00;Offshore;Federal;Elia;;679.89;115.86;1317.23;;;;;;;891.13;77.6;1520.73;2254.4;;0
25-03-22 23:45;0.00:15:00;Offshore;Federal;Elia;;709.92;118.86;1325.02;;;;;;;609.88;20.61;1353.72;2254.4;;0
25-03-22 23:30;0.00:15:00;Offshore;Federal;Elia;;742.32;121.9;1337.85;;;;;;;625.76;21.09;1341.99;2254.4;;0
25-03-22 23:15;0.00:15:00;Offshore;Federal;Elia;;774.57;124.99;1354.48;;;;;;;635.55;21.58;1344.11;2254.4;;0
25-03-22 23:00;0.00:15:00;Offshore;Federal;Elia;;805.41;128.12;1376.83;;;;;;;629.3;22.07;1357.81;2254.4;;0
25-03-22 22:45;0.00:15:00;Offshore;Federal;Elia;;837.1;131.3;1424.15;;;;;;;623.04;21.72;1369.28;2254.4;;0
25-03-22 22:30;0.00:15:00;Offshore;Federal;Elia;;845.65;134.53;1467.37;;;;;;;616.83;16.83;1393.42;2254.4;;0
25-03-22 22:15;0.00:15:00;Offshore;Federal;Elia;;860.69;136.31;1490.87;;;;;;;609.48;18.45;1400.97;2254.4;;0
25-03-22 22:00;0.00:15:00;Offshore;Federal;Elia;;891.94;159.98;1500.29;;;;;;;612.74;29.19;1407.3;2254.4;;0
25-03-22 21:45;0.00:15:00;Offshore;Federal;Elia;;896.64;160.18;1513.71;;;;;;;624.96;29.97;1415.25;2254.4;;0
25-03-22 21:30;0.00:15:00;Offshore;Federal;Elia;;906.02;160.29;1531.85;;;;;;;627.29;29.73;1413.63;2254.4;;0
25-03-22 21:15;0.00:15:00;Offshore;Federal;Elia;;906.9;160.4;1562.52;;;;;;;627.63;21.38;1424.74;2254.4;;0
25-03-22 21:00;0.00:15:00;Offshore;Federal;Elia;;888.46;160.51;1572.63;;;;;;;641.19;9.98;1450.85;2254.4;;0
25-03-22 20:45;0.00:15:00;Offshore;Federal;Elia;;876.47;160.62;1585.2;;;;;;;662.96;8.56;1470.02;2254.4;;0
25-03-22 20:30;0.00:15:00;Offshore;Federal;Elia;;880.36;159.91;1612.51;;;;;;;687.27;5.71;1484.62;2254.4;;0
25-03-22 20:15;0.00:15:00;Offshore;Federal;Elia;;867.83;157.45;1616.3;;;;;;;691.95;5.35;1496.46;2254.4;;0
25-03-22 20:00;0.00:15:00;Offshore;Federal;Elia;;850.25;155.03;1642.29;;;;;;;672.17;4.89;1520.24;2254.4;;0
25-03-22 19:45;0.00:15:00;Offshore;Federal;Elia;;839.63;152.65;1649.27;;;;;;;665.93;4.22;1519.18;2254.4;;0
25-03-22 19:30;0.00:15:00;Offshore;Federal;Elia;;840.67;147.23;1665.6;;;;;;;676.38;3.62;1517.6;2254.4;;0
25-03-22 19:15;0.00:15:00;Offshore;Federal;Elia;;845.29;145;1731.17;;;;;;;679.71;3.38;1521.75;2254.4;;0
25-03-22 19:00;0.00:15:00;Offshore;Federal;Elia;;858.89;142.81;1743.85;;;;;;;691.43;1.33;1522.19;2254.4;;0
25-03-22 18:45;0.00:15:00;Offshore;Federal;Elia;;828.4;134.06;1650.39;;;;;;;660.89;1.33;1508.53;2254.4;;0
25-03-22 18:30;0.00:15:00;Offshore;Federal;Elia;;815.97;123.78;1617.94;;;;;;;632.21;1.33;1463.32;2254.4;;0
25-03-22 18:15;0.00:15:00;Offshore;Federal;Elia;;786.87;101.83;1622.86;;;;;;;606.11;1.31;1418.34;2254.4;;0
25-03-22 18:00;0.00:15:00;Offshore;Federal;Elia;;759.51;82.26;1603.89;;;;;;;578.98;1.26;1370.65;2254.4;;0
25-03-22 17:45;0.00:15:00;Offshore;Federal;Elia;;722.5;67.89;1588.45;;;;;;;550.88;1.21;1344.64;2254.4;;0
25-03-22 17:30;0.00:15:00;Offshore;Federal;Elia;;694.01;59.38;1548.21;;;;;;;525.4;1.15;1310.4;2254.4;;0
25-03-22 17:15;0.00:15:00;Offshore;Federal;Elia;;658.63;42.01;1502.87;;;;;;;501.31;0.67;1266.54;2254.4;;0
25-03-22 17:00;0.00:15:00;Offshore;Federal;Elia;;624.15;24.27;1477.01;;;;;;;484.82;1.2;1210.88;2254.4;;0
25-03-22 16:45;0.00:15:00;Offshore;Federal;Elia;;605.98;21.37;1462.56;;;;;;;468.36;1.32;1169.93;2254.4;;0
25-03-22 16:30;0.00:15:00;Offshore;Federal;Elia;;586.4;18.67;1452.09;;;;;;;452.6;1.32;1125.88;2254.4;;0
25-03-22 16:15;0.00:15:00;Offshore;Federal;Elia;;570.71;16.12;1428.25;;;;;;;438.42;1.21;1076.43;2254.4;;0
25-03-22 16:00;0.00:15:00;Offshore;Federal;Elia;;553.57;9.33;1392.72;;;;;;;416.66;1.1;1039.23;2254.4;;0
25-03-22 15:45;0.00:15:00;Offshore;Federal;Elia;;523.5;7.98;1334.9;;;;;;;388.47;0.1;1022.44;2254.4;;0
25-03-22 15:30;0.00:15:00;Offshore;Federal;Elia;;495.89;6.71;1264.35;;;;;;;370.05;0.1;1001.36;2254.4;;0
25-03-22 15:15;0.00:15:00;Offshore;Federal;Elia;;465.02;3.76;1211.66;;;;;;;359.03;0.1;980.56;2254.4;;0
25-03-22 15:00;0.00:15:00;Offshore;Federal;Elia;;434.38;1.55;1187.88;;;;;;;343.02;0.1;961.65;2254.4;;0
25-03-22 14:45;0.00:15:00;Offshore;Federal;Elia;;411.39;1.46;1157.65;;;;;;;318.35;0.1;941.39;2254.4;;0
25-03-22 14:30;0.00:15:00;Offshore;Federal;Elia;;399.91;1.37;1127.95;;;;;;;295.57;0.1;921.42;2254.4;;0
25-03-22 14:15;0.00:15:00;Offshore;Federal;Elia;;383.17;1.29;1098.78;;;;;;;282.35;0.1;899.13;2254.4;;0
25-03-22 14:00;0.00:15:00;Offshore;Federal;Elia;;358.73;1.21;1076.67;;;;;;;259.13;0.1;873.21;2254.4;;0
25-03-22 13:45;0.00:15:00;Offshore;Federal;Elia;;339.26;1.18;1043;;;;;;;244.73;0.1;838.65;2254.4;;0
25-03-22 13:30;0.00:15:00;Offshore;Federal;Elia;;318.97;1.09;926.19;;;;;;;221.85;0.1;805.01;2254.4;;0
25-03-22 13:15;0.00:15:00;Offshore;Federal;Elia;;296.27;0.59;812.43;;;;;;;200.27;0.1;771.56;2254.4;;0
25-03-22 13:00;0.00:15:00;Offshore;Federal;Elia;;275.12;0.1;778.26;;;;;;;181.7;0.1;736.56;2254.4;;0
25-03-22 12:45;0.00:15:00;Offshore;Federal;Elia;;276.64;0.1;770.19;;;;;;;188.52;0.1;726.98;2254.4;;0
25-03-22 12:30;0.00:15:00;Offshore;Federal;Elia;;275.57;0.1;757.38;;;;;;;196.63;0.1;715.29;2254.4;;0
25-03-22 12:15;0.00:15:00;Offshore;Federal;Elia;;275.52;0.1;738.24;;;;;;;198.11;0.1;703.76;2254.4;;0
25-03-22 12:00;0.00:15:00;Offshore;Federal;Elia;;274.08;0.1;722.27;;;;;;;193.8;0.1;698.82;2254.4;;0
25-03-22 11:45;0.00:15:00;Offshore;Federal;Elia;;272.4;0.1;707.21;;;;;;;191.48;0.1;693.94;2254.4;;0
25-03-22 11:30;0.00:15:00;Offshore;Federal;Elia;;269.3;0.1;694.55;;;;;;;190.26;0.1;682.32;2254.4;;0
25-03-22 11:15;0.00:15:00;Offshore;Federal;Elia;;272.96;0.1;684.79;;;;;;;188.86;0.1;673.01;2254.4;;0
25-03-22 11:00;0.00:15:00;Offshore;Federal;Elia;;276.78;0.1;674.13;;;;;;;190.59;0.1;663.8;2254.4;;0
25-03-22 10:45;0.00:15:00;Offshore;Federal;Elia;;280.16;0.1;664.58;;;;;;;191.21;0.1;654.69;2254.4;;0
25-03-22 10:30;0.00:15:00;Offshore;Federal;Elia;;263.32;0.1;646.61;;;;;;;192.27;0.1;641.92;2254.4;;0
25-03-22 10:15;0.00:15:00;Offshore;Federal;Elia;;253.45;0.1;642.22;;;;;;;206.89;0.1;628.53;2254.4;;0
25-03-22 10:00;0.00:15:00;Offshore;Federal;Elia;;253.54;0.1;636.84;;;;;;;205.33;0.1;616.67;2254.4;;0
25-03-22 09:45;0.00:15:00;Offshore;Federal;Elia;;255.52;0.1;613.19;;;;;;;212.74;0.1;611.65;2254.4;;0
25-03-22 09:30;0.00:15:00;Offshore;Federal;Elia;;246.52;0.1;597.79;;;;;;;216.32;0.59;615.72;2254.4;;0
25-03-22 09:15;0.00:15:00;Offshore;Federal;Elia;;235.08;0.1;585.82;;;;;;;214.59;0.61;624.01;2254.4;;0
25-03-22 09:00;0.00:15:00;Offshore;Federal;Elia;;229.26;0.1;589.32;;;;;;;209.44;1.1;626.67;2254.4;;0
25-03-22 08:45;0.00:15:00;Offshore;Federal;Elia;;231.96;1.11;591.6;;;;;;;207.58;1.19;621.31;2254.4;;0
25-03-22 08:30;0.00:15:00;Offshore;Federal;Elia;;232.59;1.28;591.85;;;;;;;205.73;1.28;620.74;2254.4;;0
25-03-22 08:15;0.00:15:00;Offshore;Federal;Elia;;229.14;1.39;587.91;;;;;;;203.64;1.39;625.66;2254.4;;0
25-03-22 08:00;0.00:15:00;Offshore;Federal;Elia;;220.03;1.48;574.72;;;;;;;202.07;1.5;634.12;2254.4;;0
25-03-22 07:45;0.00:15:00;Offshore;Federal;Elia;;217.75;3.69;554.09;;;;;;;199.03;1.58;639.39;2254.4;;0
25-03-22 07:30;0.00:15:00;Offshore;Federal;Elia;;217.8;6.23;553.76;;;;;;;197.54;3.73;641.8;2254.4;;0
25-03-22 07:15;0.00:15:00;Offshore;Federal;Elia;;209.33;7.26;560.53;;;;;;;196.65;3.98;635.23;2254.4;;0
25-03-22 07:00;0.00:15:00;Offshore;Federal;Elia;;209.7;4.28;567.36;;;;;;;196.37;3.65;629.42;2254.4;;0
25-03-22 06:45;0.00:15:00;Offshore;Federal;Elia;;223.44;4.04;559.72;;;;;;;200.59;1.57;648.02;2254.4;;0
25-03-22 06:30;0.00:15:00;Offshore;Federal;Elia;;229.71;3.66;576.88;;;;;;;212.08;3.55;668.1;2254.4;;0
25-03-22 06:15;0.00:15:00;Offshore;Federal;Elia;;236.33;1.49;583.25;;;;;;;209.37;3.78;681.68;2254.4;;0
25-03-22 06:00;0.00:15:00;Offshore;Federal;Elia;;239.04;1.4;588.01;;;;;;;211.18;4.39;696.31;2254.4;;0
25-03-22 05:45;0.00:15:00;Offshore;Federal;Elia;;238.78;1.41;592.79;;;;;;;217.2;6.95;711.72;2254.4;;0
25-03-22 05:30;0.00:15:00;Offshore;Federal;Elia;;242.55;1.42;597.6;;;;;;;204.99;7.69;728.5;2254.4;;0
25-03-22 05:15;0.00:15:00;Offshore;Federal;Elia;;241.99;1.39;600.66;;;;;;;201.31;8.46;741.06;2254.4;;0
25-03-22 05:00;0.00:15:00;Offshore;Federal;Elia;;234.94;1.37;605.51;;;;;;;197.03;8.18;746.15;2254.4;;0
25-03-22 04:45;0.00:15:00;Offshore;Federal;Elia;;231.63;1.35;610.39;;;;;;;200.24;6.99;751.27;2254.4;;0
25-03-22 04:30;0.00:15:00;Offshore;Federal;Elia;;230.66;1.37;615.29;;;;;;;203.89;3.97;756.41;2254.4;;0
25-03-22 04:15;0.00:15:00;Offshore;Federal;Elia;;230.6;1.41;619.83;;;;;;;207.58;3.57;761.57;2254.4;;0
25-03-22 04:00;0.00:15:00;Offshore;Federal;Elia;;227.18;1.44;612.14;;;;;;;213.71;1.5;768.04;2254.4;;0
25-03-22 03:45;0.00:15:00;Offshore;Federal;Elia;;239.72;1.4;635.46;;;;;;;217.52;1.46;793.8;2254.4;;0
25-03-22 03:30;0.00:15:00;Offshore;Federal;Elia;;249;1.43;661.65;;;;;;;221.38;1.44;822.57;2254.4;;0
25-03-22 03:15;0.00:15:00;Offshore;Federal;Elia;;258.65;1.49;680.39;;;;;;;225.29;1.49;852.64;2254.4;;0
25-03-22 03:00;0.00:15:00;Offshore;Federal;Elia;;261.61;1.4;701.15;;;;;;;234.42;1.53;877.85;2254.4;;0
25-03-22 02:45;0.00:15:00;Offshore;Federal;Elia;;267.51;1.27;721.96;;;;;;;244.42;3.63;889.09;2254.4;;0
25-03-22 02:30;0.00:15:00;Offshore;Federal;Elia;;280.57;1.15;757.58;;;;;;;255.64;3.81;919.04;2254.4;;0
25-03-22 02:15;0.00:15:00;Offshore;Federal;Elia;;296.68;1.19;797.67;;;;;;;265.77;4;949.64;2254.4;;0
25-03-22 02:00;0.00:15:00;Offshore;Federal;Elia;;310.35;1.24;830.21;;;;;;;271.66;6.15;980.91;2254.4;;0
25-03-22 01:45;0.00:15:00;Offshore;Federal;Elia;;321.73;1.17;859.01;;;;;;;278.63;6.36;1011.21;2254.4;;0
25-03-22 01:30;0.00:15:00;Offshore;Federal;Elia;;333.4;1.21;883.56;;;;;;;283.07;4;1039.11;2254.4;;0
25-03-22 01:15;0.00:15:00;Offshore;Federal;Elia;;342.44;1.25;905;;;;;;;287.55;1.42;1072.2;2254.4;;0
25-03-22 01:00;0.00:15:00;Offshore;Federal;Elia;;353.52;1.26;930.36;;;;;;;291.24;1.23;1105.97;2254.4;;0
25-03-22 00:45;0.00:15:00;Offshore;Federal;Elia;;355.04;0.8;965.73;;;;;;;287.42;0.65;1133.42;2254.4;;0
25-03-22 00:30;0.00:15:00;Offshore;Federal;Elia;;368.75;1.28;1003.63;;;;;;;281.09;0.6;1156.63;2254.4;;0
25-03-22 00:15;0.00:15:00;Offshore;Federal;Elia;;377.49;1.32;1037.96;;;;;;;278.36;0.56;1167.96;2254.4;;0
25-03-22 00:00;0.00:15:00;Offshore;Federal;Elia;;373.88;1.36;1069.31;;;;;;;283.21;0.58;1173.13;2254.4;;0
24-03-22 23:45;0.00:15:00;Offshore;Federal;Elia;;384.2;1.4;1097.5;;;;;;;312.2;0.1;1233.06;2254.4;;0
24-03-22 23:30;0.00:15:00;Offshore;Federal;Elia;;384.09;1.42;1126.37;;;;;;;285.8;0.1;1231.86;2254.4;;0
24-03-22 23:15;0.00:15:00;Offshore;Federal;Elia;;404.01;1.43;1142.98;;;;;;;270.86;0.1;1234.15;2254.4;;0
24-03-22 23:00;0.00:15:00;Offshore;Federal;Elia;;414.63;3.36;1176.58;;;;;;;268.64;0.1;1248.69;2254.4;;0
24-03-22 22:45;0.00:15:00;Offshore;Federal;Elia;;422.38;3.41;1207.84;;;;;;;266.84;0.1;1284.3;2254.4;;0
24-03-22 22:30;0.00:15:00;Offshore;Federal;Elia;;441.01;3.46;1226.45;;;;;;;267.08;0.59;1333.11;2254.4;;0
24-03-22 22:15;0.00:15:00;Offshore;Federal;Elia;;460.4;3.52;1243.31;;;;;;;269.03;0.62;1356.1;2254.4;;0
24-03-22 22:00;0.00:15:00;Offshore;Federal;Elia;;480.8;1.34;1256.98;;;;;;;275.15;0.64;1411.46;2254.4;;0
24-03-22 21:45;0.00:15:00;Offshore;Federal;Elia;;462.85;1.32;1266.12;;;;;;;281.36;0.66;1469.25;2254.4;;0
24-03-22 21:30;0.00:15:00;Offshore;Federal;Elia;;446.12;1.31;1273.42;;;;;;;290.25;0.62;1489.22;2254.4;;0
24-03-22 21:15;0.00:15:00;Offshore;Federal;Elia;;430.25;1.29;1225.08;;;;;;;295.01;0.61;1533.19;2254.4;;0
24-03-22 21:00;0.00:15:00;Offshore;Federal;Elia;;414.41;0.74;1214.65;;;;;;;297.97;0.64;1581.62;2254.4;;0
24-03-22 20:45;0.00:15:00;Offshore;Federal;Elia;;412.8;0.65;1183.77;;;;;;;283.97;0.71;1610.34;2254.4;;0
24-03-22 20:30;0.00:15:00;Offshore;Federal;Elia;;416.06;0.1;1160.78;;;;;;;266.64;1.24;1628.68;2254.4;;0
24-03-22 20:15;0.00:15:00;Offshore;Federal;Elia;;415.98;0.1;1133.15;;;;;;;274.57;1.28;1649.99;2254.4;;0
24-03-22 20:00;0.00:15:00;Offshore;Federal;Elia;;415.4;0.1;1104.35;;;;;;;280.76;1.32;1655.37;2254.4;;0
24-03-22 19:45;0.00:15:00;Offshore;Federal;Elia;;391.26;0.1;1085.91;;;;;;;287.04;1.33;1670.19;2254.4;;0
24-03-22 19:30;0.00:15:00;Offshore;Federal;Elia;;370.67;0.1;1071.44;;;;;;;293.4;1.34;1678.9;2254.4;;0
24-03-22 19:15;0.00:15:00;Offshore;Federal;Elia;;352.99;0.1;1057.11;;;;;;;302.11;1.28;1656.13;2254.4;;0
24-03-22 19:00;0.00:15:00;Offshore;Federal;Elia;;336.43;0.1;1042.91;;;;;;;299.73;0.7;1752.67;2254.4;;0
24-03-22 18:45;0.00:15:00;Offshore;Federal;Elia;;325.8;0.1;1020.51;;;;;;;298.22;0.73;1754.85;2254.4;;0
24-03-22 18:30;0.00:15:00;Offshore;Federal;Elia;;311.35;0.1;999.99;;;;;;;282.82;0.77;1739.75;2254.4;;0
24-03-22 18:15;0.00:15:00;Offshore;Federal;Elia;;287.2;0.1;982.65;;;;;;;267.29;0.76;1676.88;2254.4;;0
24-03-22 18:00;0.00:15:00;Offshore;Federal;Elia;;256.68;0.1;961.06;;;;;;;249.84;0.73;1649.01;2254.4;;0
24-03-22 17:45;0.00:15:00;Offshore;Federal;Elia;;243.8;0.1;925.75;;;;;;;233.4;0.7;1613.69;2254.4;;0
24-03-22 17:30;0.00:15:00;Offshore;Federal;Elia;;228.07;0.1;891.34;;;;;;;224.9;0.66;1594.7;2254.4;;0
24-03-22 17:15;0.00:15:00;Offshore;Federal;Elia;;211.13;0.1;857.28;;;;;;;216.36;0.63;1592.63;2254.4;;0
24-03-22 17:00;0.00:15:00;Offshore;Federal;Elia;;198.65;0.1;824.7;;;;;;;208.05;0.6;1608.69;2254.4;;0
24-03-22 16:45;0.00:15:00;Offshore;Federal;Elia;;191.38;0.1;728.94;;;;;;;196.74;0.1;1576.73;2254.4;;0
24-03-22 16:30;0.00:15:00;Offshore;Federal;Elia;;174.07;0.1;656.91;;;;;;;187.01;0.1;1526.27;2254.4;;0
24-03-22 16:15;0.00:15:00;Offshore;Federal;Elia;;145.65;0.1;601.56;;;;;;;177.34;0.1;1506.95;2254.4;;0
24-03-22 16:00;0.00:15:00;Offshore;Federal;Elia;;129.66;0.1;549.52;;;;;;;170.85;0.1;1447.32;2254.4;;0
24-03-22 15:45;0.00:15:00;Offshore;Federal;Elia;;125.36;0.1;491.68;;;;;;;166.84;0.1;1423.22;2254.4;;0
24-03-22 15:30;0.00:15:00;Offshore;Federal;Elia;;121.14;0.1;437.46;;;;;;;155.85;0.1;1383.4;2254.4;;0
24-03-22 15:15;0.00:15:00;Offshore;Federal;Elia;;117;0.1;402.97;;;;;;;147.72;0.1;1372.92;2254.4;;0
24-03-22 15:00;0.00:15:00;Offshore;Federal;Elia;;112.94;0.1;387.93;;;;;;;134.14;0.1;1339.79;2254.4;;0
24-03-22 14:45;0.00:15:00;Offshore;Federal;Elia;;90.82;0.1;363.15;;;;;;;129.28;0.1;1307.19;2254.4;;0
24-03-22 14:30;0.00:15:00;Offshore;Federal;Elia;;81.18;0.1;337.56;;;;;;;122.85;0.1;1275.12;2254.4;;0
24-03-22 14:15;0.00:15:00;Offshore;Federal;Elia;;72.12;0.1;301.78;;;;;;;109.43;0.1;1259.98;2254.4;;0
24-03-22 14:00;0.00:15:00;Offshore;Federal;Elia;;63.9;0.1;286.17;;;;;;;105.11;0.1;1212.77;2254.4;;0
24-03-22 13:45;0.00:15:00;Offshore;Federal;Elia;;63.84;0.1;272.38;;;;;;;104;0.1;1177.31;2254.4;;0
24-03-22 13:30;0.00:15:00;Offshore;Federal;Elia;;50.18;0.1;256.44;;;;;;;103.8;0.1;1152.43;2254.4;;0
24-03-22 13:15;0.00:15:00;Offshore;Federal;Elia;;50.47;0.1;237.81;;;;;;;110.77;0.1;1129.92;2254.4;;0
24-03-22 13:00;0.00:15:00;Offshore;Federal;Elia;;48.46;0.1;213.59;;;;;;;110.82;0.1;1107.46;2254.4;;0
24-03-22 12:45;0.00:15:00;Offshore;Federal;Elia;;48.62;0.1;201.1;;;;;;;115.82;0.1;1104.74;2254.4;;0
24-03-22 12:30;0.00:15:00;Offshore;Federal;Elia;;48.5;0.1;200.61;;;;;;;119.71;0.1;1102.02;2254.4;;0
24-03-22 12:15;0.00:15:00;Offshore;Federal;Elia;;48.38;0.1;205.35;;;;;;;129.04;0.1;1119.65;2254.4;;0
24-03-22 12:00;0.00:15:00;Offshore;Federal;Elia;;48.27;0.1;211.1;;;;;;;137.13;0.1;1139.33;2254.4;;0
24-03-22 11:45;0.00:15:00;Offshore;Federal;Elia;;50.61;0.1;217.26;;;;;;;147.57;0.1;1133.8;2254.4;;0
24-03-22 11:30;0.00:15:00;Offshore;Federal;Elia;;52.3;0.1;214.86;;;;;;;164.33;0.1;1128.29;2254.4;;0
24-03-22 11:15;0.00:15:00;Offshore;Federal;Elia;;68.6;0.1;212.48;;;;;;;163.22;0.1;1122.79;2254.4;;0
24-03-22 11:00;0.00:15:00;Offshore;Federal;Elia;;53.68;0.1;211.37;;;;;;;158.48;0.1;1117.32;2254.4;;0
24-03-22 10:45;0.00:15:00;Offshore;Federal;Elia;;51.57;0.1;212.88;;;;;;;158.16;0.1;1111.86;2254.4;;0
24-03-22 10:30;0.00:15:00;Offshore;Federal;Elia;;48.88;0.1;216.64;;;;;;;161.22;0.1;1098.86;2254.4;;0
24-03-22 10:15;0.00:15:00;Offshore;Federal;Elia;;47.49;0.1;220.49;;;;;;;173.55;0.1;1082.49;2254.4;;0
24-03-22 10:00;0.00:15:00;Offshore;Federal;Elia;;40.34;0.1;232.77;;;;;;;187.01;0.1;1078.72;2254.4;;0
24-03-22 09:45;0.00:15:00;Offshore;Federal;Elia;;40.13;0.1;237.84;;;;;;;201.57;0.1;1074.95;2254.4;;0
24-03-22 09:30;0.00:15:00;Offshore;Federal;Elia;;38.03;0.1;242.99;;;;;;;224.49;0.1;1071.19;2254.4;;0
24-03-22 09:15;0.00:15:00;Offshore;Federal;Elia;;35.63;0.1;248.23;;;;;;;235.92;0.1;1067.11;2254.4;;0
24-03-22 09:00;0.00:15:00;Offshore;Federal;Elia;;35.12;0.1;251.44;;;;;;;239.07;0.1;1063.7;2254.4;;0
24-03-22 08:45;0.00:15:00;Offshore;Federal;Elia;;30.99;0.1;244.99;;;;;;;237.97;0.1;1059.96;2254.4;;0
24-03-22 08:30;0.00:15:00;Offshore;Federal;Elia;;22.33;0.1;228.24;;;;;;;236.87;0.1;1056.24;2254.4;;0
24-03-22 08:15;0.00:15:00;Offshore;Federal;Elia;;10.23;0.1;206.36;;;;;;;235.77;0.1;1052.53;2254.4;;0
24-03-22 08:00;0.00:15:00;Offshore;Federal;Elia;;9.01;0.1;197.11;;;;;;;234.68;0.1;1048.82;2254.4;;0
24-03-22 07:45;0.00:15:00;Offshore;Federal;Elia;;7.48;0.1;181.62;;;;;;;233.59;0.1;1045.13;2254.4;;0
24-03-22 07:30;0.00:15:00;Offshore;Federal;Elia;;4.03;0.1;172.98;;;;;;;232.6;0.1;1041.44;2254.4;;0
24-03-22 07:15;0.00:15:00;Offshore;Federal;Elia;;3.58;0.1;157.61;;;;;;;231.59;0.1;1037.25;2254.4;;0
24-03-22 07:00;0.00:15:00;Offshore;Federal;Elia;;1.47;0.1;138.87;;;;;;;230.63;0.1;1032.05;2254.4;;0
24-03-22 06:45;0.00:15:00;Offshore;Federal;Elia;;1.37;0.1;130.47;;;;;;;233.68;0.1;1036.26;2254.4;;0
24-03-22 06:30;0.00:15:00;Offshore;Federal;Elia;;1.24;0.1;122.55;;;;;;;236.61;0.1;1039.31;2254.4;;0
24-03-22 06:15;0.00:15:00;Offshore;Federal;Elia;;1.16;0.1;113.02;;;;;;;239.1;0.1;1041.92;2254.4;;0
24-03-22 06:00;0.00:15:00;Offshore;Federal;Elia;;0.61;0.1;93.18;;;;;;;242.13;0.1;1044.54;2254.4;;0
24-03-22 05:45;0.00:15:00;Offshore;Federal;Elia;;0.1;0.1;88.07;;;;;;;245.18;0.1;1047.16;2254.4;;0
24-03-22 05:30;0.00:15:00;Offshore;Federal;Elia;;0.1;0.1;82.71;;;;;;;248.26;0.1;1049.79;2254.4;;0
24-03-22 05:15;0.00:15:00;Offshore;Federal;Elia;;0.1;0.1;78.53;;;;;;;253.67;0.1;1052.42;2254.4;;0
24-03-22 05:00;0.00:15:00;Offshore;Federal;Elia;;0.1;0.1;79.74;;;;;;;262.47;0.1;1055.06;2254.4;;0
24-03-22 04:45;0.00:15:00;Offshore;Federal;Elia;;0.1;0.1;82.94;;;;;;;276.39;0.1;1057.7;2254.4;;0
24-03-22 04:30;0.00:15:00;Offshore;Federal;Elia;;0.1;0.1;87.62;;;;;;;280.94;0.1;1060.35;2254.4;;0
24-03-22 04:15;0.00:15:00;Offshore;Federal;Elia;;0.1;0.1;99.5;;;;;;;285.26;0.1;1062.99;2254.4;;0
24-03-22 04:00;0.00:15:00;Offshore;Federal;Elia;;0.1;0.1;90.9;;;;;;;286.06;1.14;1065.65;2254.4;;0
24-03-22 03:45;0.00:15:00;Offshore;Federal;Elia;;0.1;0.1;106.41;;;;;;;278.6;1.32;1068.32;2254.4;;0
24-03-22 03:30;0.00:15:00;Offshore;Federal;Elia;;0.1;0.1;110.53;;;;;;;272.78;3.74;1070.98;2254.4;;0
24-03-22 03:15;0.00:15:00;Offshore;Federal;Elia;;0.57;0.1;117.85;;;;;;;278.4;4.5;1073.66;2254.4;;0
24-03-22 03:00;0.00:15:00;Offshore;Federal;Elia;;1.13;0.1;124.57;;;;;;;279.47;6.46;1076.33;2254.4;;0
24-03-22 02:45;0.00:15:00;Offshore;Federal;Elia;;1.16;0.1;131.06;;;;;;;286.3;6.73;1079.01;2254.4;;0
24-03-22 02:30;0.00:15:00;Offshore;Federal;Elia;;1.35;0.1;150.78;;;;;;;289.69;7.45;1081.7;2254.4;;0
24-03-22 02:15;0.00:15:00;Offshore;Federal;Elia;;1.5;0.1;157.33;;;;;;;293.11;6.7;1084.39;2254.4;;0
24-03-22 02:00;0.00:15:00;Offshore;Federal;Elia;;4.05;0.1;167.92;;;;;;;299.8;5.93;1087.08;2254.4;;0
24-03-22 01:45;0.00:15:00;Offshore;Federal;Elia;;7.1;0.1;183.54;;;;;;;303.3;1.6;1092.8;2254.4;;0
24-03-22 01:30;0.00:15:00;Offshore;Federal;Elia;;8.85;0.1;205.17;;;;;;;306.84;1.48;1110.37;2254.4;;0
24-03-22 01:15;0.00:15:00;Offshore;Federal;Elia;;22.04;0.1;229.29;;;;;;;315.83;1.37;1128.2;2254.4;;0
24-03-22 01:00;0.00:15:00;Offshore;Federal;Elia;;36.23;0.1;244.16;;;;;;;325.09;1.41;1138.5;2254.4;;0
24-03-22 00:45;0.00:15:00;Offshore;Federal;Elia;;46.46;0.1;263.91;;;;;;;334.86;1.35;1154.61;2254.4;;0
24-03-22 00:30;0.00:15:00;Offshore;Federal;Elia;;69.12;0.1;287.8;;;;;;;344.87;1.48;1172.12;2254.4;;0
24-03-22 00:15;0.00:15:00;Offshore;Federal;Elia;;80.89;0.1;322.68;;;;;;;360.47;1.5;1182.19;2254.4;;0
24-03-22 00:00;0.00:15:00;Offshore;Federal;Elia;;108.13;0.1;353.57;;;;;;;369.15;1.38;1214.07;2254.4;;0
23-03-22 23:45;0.00:15:00;Offshore;Federal;Elia;;122.97;0.1;383.88;;;;;;;181.88;0.1;1272.79;2254.4;;0
23-03-22 23:30;0.00:15:00;Offshore;Federal;Elia;;136.76;0.1;422.31;;;;;;;176.12;0.1;1301.01;2254.4;;0
23-03-22 23:15;0.00:15:00;Offshore;Federal;Elia;;148.36;0.1;464.73;;;;;;;172.86;0.1;1322.01;2254.4;;0
23-03-22 23:00;0.00:15:00;Offshore;Federal;Elia;;177.15;0.1;507.14;;;;;;;173.48;0.1;1335.24;2254.4;;0
23-03-22 22:45;0.00:15:00;Offshore;Federal;Elia;;185.5;0.1;549.86;;;;;;;163.96;0.1;1329.03;2254.4;;0
23-03-22 22:30;0.00:15:00;Offshore;Federal;Elia;;185.31;0.64;592.99;;;;;;;173.32;0.1;1332.2;2254.4;;0
23-03-22 22:15;0.00:15:00;Offshore;Federal;Elia;;190.43;0.74;636.41;;;;;;;175.55;0.1;1301.35;2254.4;;0
23-03-22 22:00;0.00:15:00;Offshore;Federal;Elia;;200.06;0.85;656.53;;;;;;;177.64;0.1;1255.96;2254.4;;0
23-03-22 21:45;0.00:15:00;Offshore;Federal;Elia;;197.43;3.01;668.6;;;;;;;182.09;0.1;1239.48;2254.4;;0
23-03-22 21:30;0.00:15:00;Offshore;Federal;Elia;;199.97;4;680.13;;;;;;;186.62;0.1;1249.37;2254.4;;0
23-03-22 21:15;0.00:15:00;Offshore;Federal;Elia;;199.26;5.07;684.47;;;;;;;191.22;0.1;1263.95;2254.4;;0
23-03-22 21:00;0.00:15:00;Offshore;Federal;Elia;;209.72;4.71;686.13;;;;;;;195.91;0.1;1278.65;2254.4;;0
23-03-22 20:45;0.00:15:00;Offshore;Federal;Elia;;199.56;3.4;671.36;;;;;;;198.81;0.1;1290.69;2254.4;;0
23-03-22 20:30;0.00:15:00;Offshore;Federal;Elia;;194.03;1.27;656.8;;;;;;;198.99;0.1;1302.17;2254.4;;0
23-03-22 20:15;0.00:15:00;Offshore;Federal;Elia;;192.76;1.12;642.47;;;;;;;199.66;0.1;1311.07;2254.4;;0
23-03-22 20:00;0.00:15:00;Offshore;Federal;Elia;;187.49;0.66;628.35;;;;;;;209.53;0.1;1322.04;2254.4;;0
23-03-22 19:45;0.00:15:00;Offshore;Federal;Elia;;175.12;0.1;602.73;;;;;;;206.23;0.1;1333.07;2254.4;;0
23-03-22 19:30;0.00:15:00;Offshore;Federal;Elia;;157.83;0.1;579.55;;;;;;;209.75;0.1;1339.39;2254.4;;0
23-03-22 19:15;0.00:15:00;Offshore;Federal;Elia;;138.15;0.1;558.76;;;;;;;208.93;0.1;1353.01;2254.4;;0
23-03-22 19:00;0.00:15:00;Offshore;Federal;Elia;;138.93;0.64;497.71;;;;;;;204.51;0.1;1366.54;2254.4;;0
23-03-22 18:45;0.00:15:00;Offshore;Federal;Elia;;120.61;0.64;446.02;;;;;;;193.17;0.1;1311.09;2254.4;;0
23-03-22 18:30;0.00:15:00;Offshore;Federal;Elia;;108.85;0.63;391.49;;;;;;;181.79;0.1;1274.58;2254.4;;0
23-03-22 18:15;0.00:15:00;Offshore;Federal;Elia;;98;0.62;350.79;;;;;;;168.65;0.1;1208.96;2254.4;;0
23-03-22 18:00;0.00:15:00;Offshore;Federal;Elia;;92.03;0.1;331.09;;;;;;;156.51;0.1;1162;2254.4;;0
23-03-22 17:45;0.00:15:00;Offshore;Federal;Elia;;77.01;0.1;300.34;;;;;;;164.63;0.1;1104.51;2254.4;;0
23-03-22 17:30;0.00:15:00;Offshore;Federal;Elia;;68.57;0.1;277.36;;;;;;;155.44;0.1;1044.47;2254.4;;0
23-03-22 17:15;0.00:15:00;Offshore;Federal;Elia;;67.56;0.1;249.27;;;;;;;141.09;0.1;992.98;2254.4;;0
23-03-22 17:00;0.00:15:00;Offshore;Federal;Elia;;64.67;0.1;228.99;;;;;;;134.3;0.1;940.38;2254.4;;0
23-03-22 16:45;0.00:15:00;Offshore;Federal;Elia;;62.03;0.1;200.45;;;;;;;127.31;0.1;886.21;2254.4;;0
23-03-22 16:30;0.00:15:00;Offshore;Federal;Elia;;60.1;0.1;168.87;;;;;;;119.68;0.1;863.93;2254.4;;0
23-03-22 16:15;0.00:15:00;Offshore;Federal;Elia;;56.59;0.1;153.77;;;;;;;106.26;0.1;860.34;2254.4;;0
23-03-22 16:00;0.00:15:00;Offshore;Federal;Elia;;53.68;0;462.34;;;;;;;102.85;0.1;856.78;2254.4;;0
23-03-22 15:45;0.00:15:00;Offshore;Federal;Elia;;47.52;0;458.77;;;;;;;104.77;0.1;853.26;2254.4;;0
23-03-22 15:30;0.00:15:00;Offshore;Federal;Elia;;43.02;0;456.63;;;;;;;102.5;0.1;849.76;2254.4;;0
23-03-22 15:15;0.00:15:00;Offshore;Federal;Elia;;38.89;0;453.97;;;;;;;90.27;0.1;846.31;2254.4;;0
23-03-22 15:00;0.00:15:00;Offshore;Federal;Elia;;35.77;0;452.55;;;;;;;82.42;0.1;842.76;2254.4;;0
23-03-22 14:45;0.00:15:00;Offshore;Federal;Elia;;33.69;0;450.88;;;;;;;88.54;0.1;828.66;2254.4;;0
23-03-22 14:30;0.00:15:00;Offshore;Federal;Elia;;31.2;0;447.79;;;;;;;92.49;0.1;797.15;2254.4;;0
23-03-22 14:15;0.00:15:00;Offshore;Federal;Elia;;28.77;0;444.23;;;;;;;96.53;0.1;779.52;2254.4;;0
23-03-22 14:00;0.00:15:00;Offshore;Federal;Elia;;25.78;0;439.98;;;;;;;95.94;0.1;788.24;2254.4;;0
23-03-22 13:45;0.00:15:00;Offshore;Federal;Elia;;23.77;0;434.87;;;;;;;84.42;0.1;800.39;2254.4;;0
23-03-22 13:30;0.00:15:00;Offshore;Federal;Elia;;20.51;0;426.75;;;;;;;73.23;0.1;822.41;2254.4;;0
23-03-22 13:15;0.00:15:00;Offshore;Federal;Elia;;18.27;0;421.21;;;;;;;77.92;0.1;819.22;2254.4;;0
23-03-22 13:00;0.00:15:00;Offshore;Federal;Elia;;15.85;0;422.49;;;;;;;79.49;0.1;814.57;2254.4;;0
23-03-22 12:45;0.00:15:00;Offshore;Federal;Elia;;13.23;0;416.52;;;;;;;82.92;0.1;815.33;2254.4;;0
23-03-22 12:30;0.00:15:00;Offshore;Federal;Elia;;14.93;0;420.78;;;;;;;84.66;0.1;814.6;2254.4;;0
23-03-22 12:15;0.00:15:00;Offshore;Federal;Elia;;18.71;0;425.58;;;;;;;85.73;0.1;813.88;2254.4;;0
23-03-22 12:00;0.00:15:00;Offshore;Federal;Elia;;22.42;0;429.24;;;;;;;88.48;0.1;813.15;2254.4;;0
23-03-22 11:45;0.00:15:00;Offshore;Federal;Elia;;26.01;0;432.99;;;;;;;96.46;0.1;812.43;2254.4;;0
23-03-22 11:30;0.00:15:00;Offshore;Federal;Elia;;29.91;0;436.69;;;;;;;99.2;0.1;811.71;2254.4;;0
23-03-22 11:15;0.00:15:00;Offshore;Federal;Elia;;34.58;0;440.2;;;;;;;103.45;0.1;810.98;2254.4;;0
23-03-22 11:00;0.00:15:00;Offshore;Federal;Elia;;40.17;0;446.87;;;;;;;115.01;0.1;810.26;2254.4;;0
23-03-22 10:45;0.00:15:00;Offshore;Federal;Elia;;43.74;0;452;;;;;;;128.13;0.1;812.07;2254.4;;0
23-03-22 10:30;0.00:15:00;Offshore;Federal;Elia;;47.18;0;456.32;;;;;;;137.55;0.1;836.86;2254.4;;0
23-03-22 10:15;0.00:15:00;Offshore;Federal;Elia;;50.3;0;460.2;;;;;;;145.88;1.11;860.14;2254.4;;0
23-03-22 10:00;0.00:15:00;Offshore;Federal;Elia;;53.59;0;540.96;;;;;;;154.5;1.28;858.1;2254.4;;0
23-03-22 09:45;0.00:15:00;Offshore;Federal;Elia;;54.39;0;542.44;;;;;;;161.49;1.18;843.63;2254.4;;0
23-03-22 09:30;0.00:15:00;Offshore;Federal;Elia;;55.29;0;544.54;;;;;;;170.66;1.11;828.72;2254.4;;0
23-03-22 09:15;0.00:15:00;Offshore;Federal;Elia;;57.51;0;548.56;;;;;;;181.58;1.17;816.41;2254.4;;0
23-03-22 09:00;0.00:15:00;Offshore;Federal;Elia;;61.19;0;558.05;;;;;;;196.38;1.3;808.74;2254.4;;0
23-03-22 08:45;0.00:15:00;Offshore;Federal;Elia;;62.7;0;563.12;;;;;;;210.51;1.34;803.8;2254.4;;0
23-03-22 08:30;0.00:15:00;Offshore;Federal;Elia;;64.18;0;567.07;;;;;;;225.12;1.46;816.25;2254.4;;0
23-03-22 08:15;0.00:15:00;Offshore;Federal;Elia;;64.93;0;569.24;;;;;;;236.13;1.55;858.19;2254.4;;0
23-03-22 08:00;0.00:15:00;Offshore;Federal;Elia;;65.51;0;569.89;;;;;;;248.3;3.81;897.29;2254.4;;0
23-03-22 07:45;0.00:15:00;Offshore;Federal;Elia;;65.4;0;567.64;;;;;;;254.21;3.83;941.17;2254.4;;0
23-03-22 07:30;0.00:15:00;Offshore;Federal;Elia;;64.26;0;563.61;;;;;;;264.95;3.83;986.44;2254.4;;0
23-03-22 07:15;0.00:15:00;Offshore;Federal;Elia;;62.98;0;558.48;;;;;;;282.63;3.84;1026.88;2254.4;;0
23-03-22 07:00;0.00:15:00;Offshore;Federal;Elia;;60.77;0;735.21;;;;;;;296.56;5.75;1074.7;2254.4;;0
23-03-22 06:45;0.00:15:00;Offshore;Federal;Elia;;60.73;0;732.39;;;;;;;308.51;3.69;1100.65;2254.4;;0
23-03-22 06:30;0.00:15:00;Offshore;Federal;Elia;;60.31;0;729.24;;;;;;;318.7;3.91;1127.01;2254.4;;0
23-03-22 06:15;0.00:15:00;Offshore;Federal;Elia;;55.91;0;727.63;;;;;;;337.11;4.67;1153.79;2254.4;;0
23-03-22 06:00;0.00:15:00;Offshore;Federal;Elia;;52.78;0;727.72;;;;;;;353.95;5.58;1174.2;2254.4;;0
23-03-22 05:45;0.00:15:00;Offshore;Federal;Elia;;54.41;0;729.65;;;;;;;362.96;9.28;1190.52;2254.4;;0
23-03-22 05:30;0.00:15:00;Offshore;Federal;Elia;;56.95;0;734.02;;;;;;;372.9;17.02;1211.93;2254.4;;0
23-03-22 05:15;0.00:15:00;Offshore;Federal;Elia;;62.4;0;739.42;;;;;;;380.32;20.4;1230.5;2254.4;;0
23-03-22 05:00;0.00:15:00;Offshore;Federal;Elia;;68.63;0.55;749.76;;;;;;;387.84;34.06;1249.3;2254.4;;0
23-03-22 04:45;0.00:15:00;Offshore;Federal;Elia;;78.45;0.63;759.68;;;;;;;397.41;53.47;1268.35;2254.4;;0
23-03-22 04:30;0.00:15:00;Offshore;Federal;Elia;;90.02;0.71;769.47;;;;;;;412.41;56.85;1284.94;2254.4;;0
23-03-22 04:15;0.00:15:00;Offshore;Federal;Elia;;101.85;1.25;783.59;;;;;;;428.23;42.98;1301.15;2254.4;;0
23-03-22 04:00;0.00:15:00;Offshore;Federal;Elia;;114.73;3.59;754.76;;;;;;;442.16;50.03;1300.58;2254.4;;0
23-03-22 03:45;0.00:15:00;Offshore;Federal;Elia;;130.38;4.54;767.97;;;;;;;457.8;71.44;1298.73;2254.4;;0
23-03-22 03:30;0.00:15:00;Offshore;Federal;Elia;;147.66;10.54;781.25;;;;;;;471.07;79.55;1313.64;2254.4;;0
23-03-22 03:15;0.00:15:00;Offshore;Federal;Elia;;166.24;12.22;799.28;;;;;;;480.5;84.88;1335.75;2254.4;;0
23-03-22 03:00;0.00:15:00;Offshore;Federal;Elia;;188.58;22.08;814.92;;;;;;;498.8;98.21;1341.06;2254.4;;0
23-03-22 02:45;0.00:15:00;Offshore;Federal;Elia;;208.17;25.38;832.23;;;;;;;519.06;105.51;1363.38;2254.4;;0
23-03-22 02:30;0.00:15:00;Offshore;Federal;Elia;;228.93;32.35;852.05;;;;;;;525.66;114.15;1386.06;2254.4;;0
23-03-22 02:15;0.00:15:00;Offshore;Federal;Elia;;251.45;39.48;877.32;;;;;;;557.45;123.08;1401.6;2254.4;;0
23-03-22 02:00;0.00:15:00;Offshore;Federal;Elia;;275.09;47.89;903.83;;;;;;;557.95;140.06;1419.49;2254.4;;0
23-03-22 01:45;0.00:15:00;Offshore;Federal;Elia;;293.31;54.88;926.94;;;;;;;553.47;150.59;1428.59;2254.4;;0
23-03-22 01:30;0.00:15:00;Offshore;Federal;Elia;;312.38;59.65;930.73;;;;;;;573.36;160.06;1447.69;2254.4;;0
23-03-22 01:15;0.00:15:00;Offshore;Federal;Elia;;332.75;63.08;956.34;;;;;;;585.85;164.69;1471.19;2254.4;;0
23-03-22 01:00;0.00:15:00;Offshore;Federal;Elia;;354.34;84.98;812.66;;;;;;;592.07;172.23;1499.56;2254.4;;0
23-03-22 00:45;0.00:15:00;Offshore;Federal;Elia;;361.48;82.63;823.22;;;;;;;604.22;171.55;1519.34;2254.4;;0
23-03-22 00:30;0.00:15:00;Offshore;Federal;Elia;;369.09;81.51;830.45;;;;;;;618.26;170.91;1531.2;2254.4;;0
23-03-22 00:15;0.00:15:00;Offshore;Federal;Elia;;381.02;83.78;846.84;;;;;;;625.5;170.3;1551.01;2254.4;;0
23-03-22 00:00;0.00:15:00;Offshore;Federal;Elia;;395.57;94.07;857.92;;;;;;;624.12;164.62;1569.51;2254.4;;0
22-03-22 23:45;0.00:15:00;Offshore;Federal;Elia;;394.06;92.13;851.34;386.98;68.74;1046.3;;;;697.74;154.5;1485.29;2254.4;;0
22-03-22 23:30;0.00:15:00;Offshore;Federal;Elia;;387;87.91;846.21;371.17;63.13;1039.01;;;;678.16;139.45;1485.95;2254.4;;0
22-03-22 23:15;0.00:15:00;Offshore;Federal;Elia;;373.52;80.85;838.42;349.91;54.39;1029.26;;;;640.25;133.06;1456.52;2254.4;;0
22-03-22 23:00;0.00:15:00;Offshore;Federal;Elia;;365.62;77.48;828.17;330.63;48.51;1016.01;;;;621.3;128.33;1449.11;2254.4;;0
22-03-22 22:45;0.00:15:00;Offshore;Federal;Elia;;361.19;78.47;819.78;312.03;47.59;1003.23;;;;602.75;122.22;1453.15;2254.4;;0
22-03-22 22:30;0.00:15:00;Offshore;Federal;Elia;;363.96;79;828.08;299.15;45.45;999.29;;;;591.13;112.98;1456.31;2254.4;;0
22-03-22 22:15;0.00:15:00;Offshore;Federal;Elia;;368.85;80.23;837.72;293.46;44.52;993.26;;;;567.55;110.43;1459.06;2254.4;;0
22-03-22 22:00;0.00:15:00;Offshore;Federal;Elia;;368.63;89.44;726.31;294.4;44.08;956.57;;;;544.59;107.92;1460.51;2254.4;;0
22-03-22 21:45;0.00:15:00;Offshore;Federal;Elia;;365.39;87.01;731.91;306.24;45.17;959.65;;;;533.44;95.76;1463.36;2254.4;;0
22-03-22 21:30;0.00:15:00;Offshore;Federal;Elia;;364.21;87.36;736.6;320.61;47.9;973.92;;;;543.9;94.76;1455.27;2254.4;;0
22-03-22 21:15;0.00:15:00;Offshore;Federal;Elia;;362.55;92.32;747.93;324.16;54.15;956.51;;;;519.58;84.91;1467.42;2254.4;;0
22-03-22 21:00;0.00:15:00;Offshore;Federal;Elia;;349.82;87.93;731.54;321.68;53.51;972.53;;;;521.92;77.09;1455.8;2254.4;;0
22-03-22 20:45;0.00:15:00;Offshore;Federal;Elia;;333.5;83.8;703.89;313.3;52.95;964.03;;;;514.86;55.74;1451.86;2254.4;;0
22-03-22 20:30;0.00:15:00;Offshore;Federal;Elia;;331.08;82.4;719.21;314.63;53.0;988.35;;;;503.35;50.31;1440.84;2254.4;;0
22-03-22 20:15;0.00:15:00;Offshore;Federal;Elia;;333.17;84.54;742.3;316.5;55.36;1007.77;;;;494.54;47.47;1438.32;2254.4;;0
22-03-22 20:00;0.00:15:00;Offshore;Federal;Elia;;339.69;86.25;775.73;318.19;55.89;1018.23;;;;488.73;49.21;1428.62;2254.4;;0
22-03-22 19:45;0.00:15:00;Offshore;Federal;Elia;;332.03;83.46;792.79;306.37;52.96;1015.83;;;;465.47;65.8;1418.85;2254.4;;0
22-03-22 19:30;0.00:15:00;Offshore;Federal;Elia;;296.55;66.26;728.74;285.43;42.64;996.33;;;;467.85;66.87;1414.41;2254.4;;0
22-03-22 19:15;0.00:15:00;Offshore;Federal;Elia;;245.07;49.87;603.66;261.36;35.18;973.28;;;;473.63;59.71;1398.03;2254.4;;0
22-03-22 19:00;0.00:15:00;Offshore;Federal;Elia;;217.79;31.92;508.32;235.22;36.42;743.03;;;;487.37;43.48;1402.94;2254.4;;0
22-03-22 18:45;0.00:15:00;Offshore;Federal;Elia;;200.5;23.26;493;209.56;26.56;705.66;;;;498.38;68.31;1407.49;2254.4;;0
22-03-22 18:30;0.00:15:00;Offshore;Federal;Elia;;185.73;20.1;483.13;189.51;22.35;679.61;;;;469.07;71.87;1414.98;2254.4;;0
22-03-22 18:15;0.00:15:00;Offshore;Federal;Elia;;170.63;14.76;472.19;170.09;15.87;652.52;;;;483.19;72.59;1400.1;2254.4;;0
22-03-22 18:00;0.00:15:00;Offshore;Federal;Elia;;157.42;6.55;461.11;156.71;6.59;641.64;;;;496.16;74.16;1383.86;2254.4;;0
22-03-22 17:45;0.00:15:00;Offshore;Federal;Elia;;141.42;3.51;445.72;142.67;3.51;633.76;;;;481.76;75.85;1360.14;2254.4;;0
22-03-22 17:30;0.00:15:00;Offshore;Federal;Elia;;124.71;1.23;424.6;128.7;1.23;622.57;;;;455.33;73.86;1304.36;2254.4;;0
22-03-22 17:15;0.00:15:00;Offshore;Federal;Elia;;107.27;1.05;394.76;113.7;1.05;602.74;;;;427.98;68.22;1285.57;2254.4;;0
22-03-22 17:00;0.00:15:00;Offshore;Federal;Elia;;87.26;0.48;360.6;95.1;0.48;572.73;;;;417.93;64.63;1268.64;2254.4;;0
22-03-22 16:45;0.00:15:00;Offshore;Federal;Elia;;71.04;0.47;329.64;78.01;0.47;540.97;;;;424.29;58.93;1268.96;2254.4;;0
22-03-22 16:30;0.00:15:00;Offshore;Federal;Elia;;57.15;0.45;303.66;62.01;0.45;509.78;;;;430.71;60.25;1272.5;2254.4;;0
22-03-22 16:15;0.00:15:00;Offshore;Federal;Elia;;46.9;0;286.39;50.38;0.0;488.76;;;;434.15;69.48;1276.14;2254.4;;0
22-03-22 16:00;0.00:15:00;Offshore;Federal;Elia;;36.58;0;319.48;41.25;0.0;318.88;;;;446.94;72.14;1290.54;2254.4;;0
22-03-22 15:45;0.00:15:00;Offshore;Federal;Elia;;28.05;0;304.5;34.88;0.0;308.68;;;;476.85;66.08;1274.39;2254.4;;0
22-03-22 15:30;0.00:15:00;Offshore;Federal;Elia;;21.31;0.45;298.77;27.75;0.45;293.67;;;;508.76;62.23;1258.36;2254.4;;0
22-03-22 15:15;0.00:15:00;Offshore;Federal;Elia;;16.97;0.46;295.79;22.08;0.46;285.08;;;;516.63;40.37;1248.06;2254.4;;0
22-03-22 15:00;0.00:15:00;Offshore;Federal;Elia;;13.79;0;289.07;18.21;0.0;278.55;;;;516.83;37.59;1288.68;2254.4;;0
22-03-22 14:45;0.00:15:00;Offshore;Federal;Elia;;14.24;0.49;289.46;18.86;0.49;279.15;;;;504.36;41.93;1287.39;2254.4;;0
22-03-22 14:30;0.00:15:00;Offshore;Federal;Elia;;15.9;0.52;294.37;21.07;0.52;285.39;;;;491.56;36.38;1259.6;2254.4;;0
22-03-22 14:15;0.00:15:00;Offshore;Federal;Elia;;17.56;0.58;295.65;23.62;0.58;290.02;;;;501.75;33.41;1241.91;2254.4;;0
22-03-22 14:00;0.00:15:00;Offshore;Federal;Elia;;21;0.58;297.88;29.05;0.58;295.4;;;;485.91;27.29;1214.06;2254.4;;0
22-03-22 13:45;0.00:15:00;Offshore;Federal;Elia;;28.61;1.21;305.03;38.13;1.21;302.5;;;;469.09;27.76;1202.53;2254.4;;0
22-03-22 13:30;0.00:15:00;Offshore;Federal;Elia;;38.77;3.59;316.35;47.8;3.59;310.54;;;;456.9;33.16;1189.18;2254.4;;0
22-03-22 13:15;0.00:15:00;Offshore;Federal;Elia;;52.68;6.28;333.59;59.86;6.28;326.69;;;;464.86;33.78;1200.23;2254.4;;0
22-03-22 13:00;0.00:15:00;Offshore;Federal;Elia;;70.94;13.68;292.93;74.52;13.68;304.52;;;;469.23;31.98;1200.83;2254.4;;0
22-03-22 12:45;0.00:15:00;Offshore;Federal;Elia;;94.42;19.47;319.03;99.05;19.47;332.02;;;;465.95;36.02;1229.34;2254.4;;0
22-03-22 12:30;0.00:15:00;Offshore;Federal;Elia;;122.5;27.1;347.05;125.6;27.1;358.72;;;;459.87;45.2;1263.32;2254.4;;0
22-03-22 12:15;0.00:15:00;Offshore;Federal;Elia;;152.44;33.96;377.67;155.02;33.96;386.51;;;;460.63;50.13;1294.99;2254.4;;0
22-03-22 12:00;0.00:15:00;Offshore;Federal;Elia;;183.7;43.73;409.92;183.64;43.73;412.73;;;;477.58;55.46;1328.55;2254.4;;0
22-03-22 11:45;0.00:15:00;Offshore;Federal;Elia;;213.96;51.91;440.41;211.26;54.53;442.98;;;;493.99;76.48;1349.63;2254.4;;0
22-03-22 11:30;0.00:15:00;Offshore;Federal;Elia;;244.55;62.13;468.84;243.3;69.55;477.83;;;;512.25;88.35;1385.02;2254.4;;0
22-03-22 11:15;0.00:15:00;Offshore;Federal;Elia;;276.68;73.38;499.33;280.48;84.08;519.39;;;;529.84;96.55;1430.62;2254.4;;0
22-03-22 11:00;0.00:15:00;Offshore;Federal;Elia;;308.83;88.84;525.16;317.64;100.74;552.57;;;;550.25;105.15;1468.54;2254.4;;0
22-03-22 10:45;0.00:15:00;Offshore;Federal;Elia;;328.52;97.12;545.53;338.75;112.17;569.59;;;;571.75;117.3;1456.63;2254.4;;0
22-03-22 10:30;0.00:15:00;Offshore;Federal;Elia;;350.57;108.26;569.03;357.88;125.92;587.0;;;;589.79;114.3;1502.14;2254.4;;0
22-03-22 10:15;0.00:15:00;Offshore;Federal;Elia;;375.14;120.01;595;377.68;138.5;608.6;;;;600.13;113.34;1534.59;2254.4;;0
22-03-22 10:00;0.00:15:00;Offshore;Federal;Elia;;400.87;150.7;578.02;401.47;131.69;677.08;;;;612.3;122.64;1550.46;2254.4;;0
22-03-22 09:45;0.00:15:00;Offshore;Federal;Elia;;406.98;151.16;589.35;409.04;132.9;692.96;;;;628.12;138.66;1554.14;2254.4;;0
22-03-22 09:30;0.00:15:00;Offshore;Federal;Elia;;409.62;150.87;592.66;417.15;134.87;703.15;;;;662.33;159.06;1585.14;2254.4;;0
22-03-22 09:15;0.00:15:00;Offshore;Federal;Elia;;409.74;153.61;592.83;423.47;139.69;707.47;;;;701.87;181.87;1597.28;2254.4;;0
22-03-22 09:00;0.00:15:00;Offshore;Federal;Elia;;407.95;154.51;594.64;426.98;142.32;712.63;;;;742.94;202.26;1628.45;2254.4;;0
22-03-22 08:45;0.00:15:00;Offshore;Federal;Elia;;405.11;152.53;594.48;428.05;141.63;714.01;;;;773.68;226.55;1665.6;2254.4;;0
22-03-22 08:30;0.00:15:00;Offshore;Federal;Elia;;403.55;150.95;594.99;429.34;141.01;716.94;;;;797.89;243.75;1673.87;2254.4;;0
22-03-22 08:15;0.00:15:00;Offshore;Federal;Elia;;403.45;148.62;596.13;429.54;138.9;716.14;;;;813.86;247.49;1760.64;2254.4;;0
22-03-22 08:00;0.00:15:00;Offshore;Federal;Elia;;404.11;146.61;597.86;430.13;136.82;716.47;;;;846.18;266.1;1806.31;2254.4;;0
22-03-22 07:45;0.00:15:00;Offshore;Federal;Elia;;403.93;146.82;595.38;431.27;137.46;719.29;;;;886.77;285.17;1791.02;2254.4;;0
22-03-22 07:30;0.00:15:00;Offshore;Federal;Elia;;403.6;145.64;592.41;433.53;137.04;725.56;;;;929.67;304.45;1861.9;2254.4;;0
22-03-22 07:15;0.00:15:00;Offshore;Federal;Elia;;402.79;146.57;592.58;432.82;137.82;724.23;;;;974.32;321.23;1886.43;2254.4;;0
22-03-22 07:00;0.00:15:00;Offshore;Federal;Elia;;401.6;152.83;670.67;430.03;137.82;667.99;;;;1001.48;325.24;1894.34;2254.4;;0
22-03-22 06:45;0.00:15:00;Offshore;Federal;Elia;;398.45;146.78;667.65;425.26;131.24;663.48;;;;985.71;315.23;1912.7;2254.4;;0
22-03-22 06:30;0.00:15:00;Offshore;Federal;Elia;;395.67;146.27;664.94;422.66;130.65;661.78;;;;1003.59;293.89;1927.35;2254.4;;0
22-03-22 06:15;0.00:15:00;Offshore;Federal;Elia;;392.71;145.34;661.24;419.98;129.56;658.36;;;;1004.18;276.47;1916.82;2254.4;;0
22-03-22 06:00;0.00:15:00;Offshore;Federal;Elia;;389.84;142.54;656.67;416.08;126.34;651.41;;;;1005.37;258.22;1903.95;2254.4;;0
22-03-22 05:45;0.00:15:00;Offshore;Federal;Elia;;384.39;142.72;651.13;408.42;125.82;639.88;;;;989.94;262.06;1867.31;2254.4;;0
22-03-22 05:30;0.00:15:00;Offshore;Federal;Elia;;378.47;141.66;648.23;400.52;124.2;630.39;;;;975.35;266.67;1815.72;2254.4;;0
22-03-22 05:15;0.00:15:00;Offshore;Federal;Elia;;369.33;140.93;643.44;390.64;123.19;625.31;;;;959.45;253.72;1821.23;2254.4;;0
22-03-22 05:00;0.00:15:00;Offshore;Federal;Elia;;361.04;136.23;635.39;383.16;118.85;618.15;;;;951.37;238.67;1814.6;2254.4;;0
22-03-22 04:45;0.00:15:00;Offshore;Federal;Elia;;360.86;135.68;640.05;380.98;117.67;621.49;;;;940.46;226.99;1806.23;2254.4;;0
22-03-22 04:30;0.00:15:00;Offshore;Federal;Elia;;364.4;131.11;641.47;377.35;111.1;619.23;;;;943.73;215.71;1802.45;2254.4;;0
22-03-22 04:15;0.00:15:00;Offshore;Federal;Elia;;365.19;132.12;638.32;376.84;111.74;615.89;;;;946.1;204.83;1797.26;2254.4;;0
22-03-22 04:00;0.00:15:00;Offshore;Federal;Elia;;361.07;138.08;713.28;380.19;132.78;569.24;;;;961.18;190.76;1807.65;2254.4;;0
22-03-22 03:45;0.00:15:00;Offshore;Federal;Elia;;358.23;138.72;711.32;378.38;133.91;566.82;;;;985.24;179.98;1806.65;2254.4;;0
22-03-22 03:30;0.00:15:00;Offshore;Federal;Elia;;357.05;139.61;711.92;370.73;132.8;563.08;;;;1018.08;176.68;1815.78;2254.4;;0
22-03-22 03:15;0.00:15:00;Offshore;Federal;Elia;;357.86;139.68;711.85;367.39;131.48;560.59;;;;1048.6;164.63;1834.53;2254.4;;0
22-03-22 03:00;0.00:15:00;Offshore;Federal;Elia;;361.99;136.99;711.72;368.72;127.87;559.1;;;;1084.43;162.72;1833.48;2254.4;;0
22-03-22 02:45;0.00:15:00;Offshore;Federal;Elia;;373.47;142.99;722.25;373.81;131.38;566.21;;;;1069.1;160.12;1827.31;2254.4;;0
22-03-22 02:30;0.00:15:00;Offshore;Federal;Elia;;387.87;151.22;734.54;374.27;134.79;570.72;;;;1037.4;151.95;1837.89;2254.4;;0
22-03-22 02:15;0.00:15:00;Offshore;Federal;Elia;;404.12;155.89;751.81;372.79;133.3;573.12;;;;986.25;158.44;1867.64;2254.4;;0
22-03-22 02:00;0.00:15:00;Offshore;Federal;Elia;;419.89;159.08;771.85;375.69;131.99;579.2;;;;985.62;170.96;1853.23;2254.4;;0
22-03-22 01:45;0.00:15:00;Offshore;Federal;Elia;;440.26;172.29;783.32;390.49;138.85;585.95;;;;1002.98;184.06;1823.76;2254.4;;0
22-03-22 01:30;0.00:15:00;Offshore;Federal;Elia;;459.6;181.05;795.94;408.63;146.45;604.99;;;;1007.3;204.05;1821.62;2254.4;;0
22-03-22 01:15;0.00:15:00;Offshore;Federal;Elia;;477.26;188.68;815.5;431.01;158.71;636.16;;;;1009;218.73;1815.46;2254.4;;0
22-03-22 01:00;0.00:15:00;Offshore;Federal;Elia;;493.11;205.67;753.38;458.08;171.89;748.46;;;;993.07;217.53;1815.26;2254.4;;0
22-03-22 00:45;0.00:15:00;Offshore;Federal;Elia;;500.79;204.85;769.23;482.16;175.1;772.7;;;;987.01;216.74;1804.43;2254.4;;0
22-03-22 00:30;0.00:15:00;Offshore;Federal;Elia;;509.14;213.27;780.06;505.73;186.98;789.88;;;;980.96;212.77;1802.05;2254.4;;0
22-03-22 00:15;0.00:15:00;Offshore;Federal;Elia;;523.33;221.19;794.49;530.93;197.44;808.31;;;;974.95;207.91;1790.48;2254.4;;0
22-03-22 00:00;0.00:15:00;Offshore;Federal;Elia;;543.04;233.52;825.83;556.28;210.3;840.24;;;;976.24;185.02;1771.74;2254.4;;0
21-03-22 23:45;0.00:15:00;Offshore;Federal;Elia;;542.06;230.9;822.57;546.14;198.91;1139.96;527.1;221.24;790.25;656.83;77.16;1510.61;2254.4;;0
21-03-22 23:30;0.00:15:00;Offshore;Federal;Elia;;539.92;226.85;814.85;542.06;199.68;1134.23;532.27;224.4;793.9;673.48;72.22;1507.51;2254.4;;0
21-03-22 23:15;0.00:15:00;Offshore;Federal;Elia;;538.8;224.83;811.7;543.18;200.43;1148.42;538.4;227.25;811.74;696.77;51.94;1511.82;2254.4;;0
21-03-22 23:00;0.00:15:00;Offshore;Federal;Elia;;543.25;228.91;810.68;542.74;202.99;1150.67;547.46;233.11;819.2;717.61;52.89;1516.89;2254.4;;0
21-03-22 22:45;0.00:15:00;Offshore;Federal;Elia;;529.06;218.78;793.54;527.95;196.56;1138.11;540.47;228.09;807.83;731.92;69.52;1512.5;2254.4;;0
21-03-22 22:30;0.00:15:00;Offshore;Federal;Elia;;511.23;207.66;774.18;514.26;189.84;1129.68;531.62;222.03;799.14;739.19;50.77;1517.73;2254.4;;0
21-03-22 22:15;0.00:15:00;Offshore;Federal;Elia;;492.48;201.5;749.35;503.29;180.9;1120.01;522.6;212.12;786.3;711.9;39.6;1520.28;2254.4;;0
21-03-22 22:00;0.00:15:00;Offshore;Federal;Elia;;477.17;191.09;665.52;494.31;182.16;1082.79;508.78;184.7;806.25;686.82;34.07;1527.64;2254.4;;0
21-03-22 21:45;0.00:15:00;Offshore;Federal;Elia;;456.6;178.16;643.29;477.77;172.57;1062.91;474.95;167.76;773.92;687.24;28.95;1531.18;2254.4;;0
21-03-22 21:30;0.00:15:00;Offshore;Federal;Elia;;436.45;173.66;616.9;468.88;169.73;1050.53;443.71;157.1;745.52;684.16;10.87;1537.53;2254.4;;0
21-03-22 21:15;0.00:15:00;Offshore;Federal;Elia;;418.71;172.15;597.89;463.11;162.32;1048.1;422.3;144.19;725.02;678.2;10.01;1549.38;2254.4;;0
21-03-22 21:00;0.00:15:00;Offshore;Federal;Elia;;401.74;165.9;578.29;452.35;150.86;1037.06;406.02;130.84;708.18;656.83;19.32;1565.09;2254.4;;0
21-03-22 20:45;0.00:15:00;Offshore;Federal;Elia;;379.6;153.67;550;426.79;141.81;1026.7;379.29;120.83;679.0;644.51;7.25;1574.54;2254.4;;0
21-03-22 20:30;0.00:15:00;Offshore;Federal;Elia;;357.63;141.69;533.07;398.12;128.46;1002.54;349.59;108.23;642.32;647.2;3.79;1581.3;2254.4;;0
21-03-22 20:15;0.00:15:00;Offshore;Federal;Elia;;336.39;132.69;508.82;364.23;112.88;973.03;318.55;96.67;611.51;650.51;1.38;1598.14;2254.4;;0
21-03-22 20:00;0.00:15:00;Offshore;Federal;Elia;;317.35;123.86;490.56;327.61;97.55;941.17;290.78;76.27;585.01;649.59;1.27;1625.29;2254.4;;0
21-03-22 19:45;0.00:15:00;Offshore;Federal;Elia;;287.85;102.82;462.89;282.45;77.86;877.98;258.93;55.59;547.19;661.44;1.26;1639;2254.4;;0
21-03-22 19:30;0.00:15:00;Offshore;Federal;Elia;;259.57;89;436.33;243.68;65.63;850.51;230.89;42.94;527.96;659.88;1.27;1639.35;2254.4;;0
21-03-22 19:15;0.00:15:00;Offshore;Federal;Elia;;232.55;74.69;409.57;212.31;55.05;827.76;208.88;38.0;504.0;643.62;1.27;1673.04;2254.4;;0
21-03-22 19:00;0.00:15:00;Offshore;Federal;Elia;;208.45;56.03;345.44;185.43;45.49;612.58;187.76;35.24;422.71;627.63;1.26;1754.26;2254.4;;0
21-03-22 18:45;0.00:15:00;Offshore;Federal;Elia;;176.72;47.02;309.8;158.41;41.47;585.67;166.49;41.12;397.4;607.39;1.24;1679.6;2254.4;;0
21-03-22 18:30;0.00:15:00;Offshore;Federal;Elia;;149.48;33.48;274.75;129.89;30.79;558.96;144.73;31.31;372.64;587.48;1.32;1654.92;2254.4;;0
21-03-22 18:15;0.00:15:00;Offshore;Federal;Elia;;123.4;25.82;248.08;104.44;19.45;536.77;122.95;27.16;350.74;577.98;1.29;1620.48;2254.4;;0
21-03-22 18:00;0.00:15:00;Offshore;Federal;Elia;;100.9;16.19;218.98;84.34;7.01;518.55;101.74;17.41;329.86;575.09;1.27;1620.35;2254.4;;0
21-03-22 17:45;0.00:15:00;Offshore;Federal;Elia;;80.04;13.54;195.2;68.35;5.82;500.89;81.85;15.04;308.96;563.59;1.24;1590.18;2254.4;;0
21-03-22 17:30;0.00:15:00;Offshore;Federal;Elia;;63.61;4.44;176.27;55.84;3.38;490.11;65.42;6.59;294.74;524.92;1.2;1585.93;2254.4;;0
21-03-22 17:15;0.00:15:00;Offshore;Federal;Elia;;49.43;3.68;161.78;45.73;1.26;477.27;50.64;3.87;278.39;504.82;1.12;1551.22;2254.4;;0
21-03-22 17:00;0.00:15:00;Offshore;Federal;Elia;;37.41;2.53;148.29;37.38;1.1;466.1;40.64;3.16;265.83;492.44;0.61;1532.85;2254.4;;0
21-03-22 16:45;0.00:15:00;Offshore;Federal;Elia;;30.45;0.64;137.66;32.74;1.13;456.04;34.22;1.24;254.93;502.02;0.1;1512.95;2254.4;;0
21-03-22 16:30;0.00:15:00;Offshore;Federal;Elia;25.1;23.71;0.58;128.42;28.02;1.17;451.61;29.09;1.19;249.84;493.39;0.1;1489.46;2254.4;0.01;0
21-03-22 16:15;0.00:15:00;Offshore;Federal;Elia;21.95;18.51;0.51;122.81;25.79;1.11;446.74;25.21;1.11;244.04;475.09;0.1;1468.23;2254.4;0.01;0
21-03-22 16:00;0.00:15:00;Offshore;Federal;Elia;13.81;14.59;0;112.99;23.27;0.53;289.63;21.23;0.53;183.81;472.25;0.1;1432.2;2254.4;0.01;0
21-03-22 15:45;0.00:15:00;Offshore;Federal;Elia;10.81;12.37;0;111.01;24.52;0.64;288.68;21.84;0.64;181.77;441.49;0.1;1399.05;2254.4;0.0;0
21-03-22 15:30;0.00:15:00;Offshore;Federal;Elia;7.88;10.96;0.46;103.02;26.43;1.28;289.06;22.83;1.22;181.65;413.91;0.1;1376.04;2254.4;0.0;0
21-03-22 15:15;0.00:15:00;Offshore;Federal;Elia;4.78;10.23;0;104.49;28.47;3.37;291.5;24.56;1.25;184.35;387.88;0.1;1363.71;2254.4;0.0;0
21-03-22 15:00;0.00:15:00;Offshore;Federal;Elia;1.89;10.12;0;106;30.96;3.4;293.53;26.94;1.23;186.71;367.2;0.1;1359.85;2254.4;0.0;0
21-03-22 14:45;0.00:15:00;Offshore;Federal;Elia;0.62;13.3;0;109.49;40.01;4.03;302.97;35.8;1.36;196.87;351.33;0.1;1370.37;2254.4;0.0;0
21-03-22 14:30;0.00:15:00;Offshore;Federal;Elia;1.63;16.78;0.46;114.1;49.58;7.15;315.41;44.96;3.98;209.76;336.13;0.1;1372.8;2254.4;0.0;0
21-03-22 14:15;0.00:15:00;Offshore;Federal;Elia;2.99;20.88;0;121.47;62.83;14.59;327.3;57.74;4.74;222.19;311.84;0.1;1353.27;2254.4;0.0;0
21-03-22 14:00;0.00:15:00;Offshore;Federal;Elia;7.78;26.71;0.47;126.73;78.49;18.9;347.06;72.35;9.98;241.33;296.03;0.1;1329.4;2254.4;0.0;0
21-03-22 13:45;0.00:15:00;Offshore;Federal;Elia;13.91;36.6;1.11;134.46;96.03;25.46;363.01;90.1;18.45;257.8;278.43;0.1;1332.02;2254.4;0.01;0
21-03-22 13:30;0.00:15:00;Offshore;Federal;Elia;19.14;48.41;3.21;146.57;115.13;30.09;377.38;112.0;27.6;274.75;256.2;0.1;1329.72;2254.4;0.01;0
21-03-22 13:15;0.00:15:00;Offshore;Federal;Elia;17.37;62.73;3.95;160.72;134.87;35.97;398.33;131.61;35.98;296.46;246.67;0.1;1305.26;2254.4;0.01;0
21-03-22 13:00;0.00:15:00;Offshore;Federal;Elia;12.8;79.56;6.9;147.68;155.1;42.37;380.65;152.33;42.37;398.47;230.01;0.1;1266.5;2254.4;0.01;0
21-03-22 12:45;0.00:15:00;Offshore;Federal;Elia;12.64;100.99;18.5;172.72;174.37;49.76;396.78;171.61;50.63;414.37;232.64;0.1;1314.58;2254.4;0.01;0
21-03-22 12:30;0.00:15:00;Offshore;Federal;Elia;17.35;126.47;27.24;204.72;194.12;55.74;414.64;190.69;56.68;431.39;237.72;0.1;1362.41;2254.4;0.01;0
21-03-22 12:15;0.00:15:00;Offshore;Federal;Elia;20.04;152.81;28.15;237.11;216.38;65.26;438.56;210.89;64.78;453.68;240.49;0.1;1405.46;2254.4;0.01;0
21-03-22 12:00;0.00:15:00;Offshore;Federal;Elia;24.95;184.4;27.45;278.83;240.56;73.55;463.42;230.52;72.25;475.81;243.32;0.1;1414.84;2254.4;0.01;0
21-03-22 11:45;0.00:15:00;Offshore;Federal;Elia;30.37;211.24;32.32;315.05;271.08;87.5;496.12;255.2;79.44;504.9;246.19;0.1;1460.34;2254.4;0.01;0
21-03-22 11:30;0.00:15:00;Offshore;Federal;Elia;34.11;241.18;40.01;355.66;302.08;101.63;531.37;281.93;82.33;537.53;249.11;0.1;1498.96;2254.4;0.02;0
21-03-22 11:15;0.00:15:00;Offshore;Federal;Elia;32.79;276.8;58.51;402.83;334.92;121.17;569.22;312.09;89.61;573.73;250.26;0.1;1502.09;2254.4;0.01;0
21-03-22 11:00;0.00:15:00;Offshore;Federal;Elia;32.93;312.94;74.33;448.68;371.48;142.64;601.62;344.87;99.03;603.5;252.71;0.1;1536.76;2254.4;0.01;0
21-03-22 10:45;0.00:15:00;Offshore;Federal;Elia;34.52;326.24;86.24;462.66;394.34;159.51;623.79;363.04;102.67;623.06;257.74;0.1;1573.44;2254.4;0.02;0
21-03-22 10:30;0.00:15:00;Offshore;Federal;Elia;32.85;340.42;100.56;485.11;416.69;175.91;642.89;382.14;105.89;640.54;262.89;0.1;1604.5;2254.4;0.01;0
21-03-22 10:15;0.00:15:00;Offshore;Federal;Elia;35.85;354.1;111.57;501.93;438.61;187.62;669.42;402.48;108.27;666.57;263.74;0.1;1575.68;2254.4;0.02;0
21-03-22 10:00;0.00:15:00;Offshore;Federal;Elia;37.98;368.18;125.76;544.14;462.64;184.0;750.69;425.67;126.26;788.96;264.48;0.1;1585.49;2254.4;0.02;0
21-03-22 09:45;0.00:15:00;Offshore;Federal;Elia;41.26;375.44;134.32;551.06;461.28;183.48;749.15;425.29;129.49;788.17;268.92;0.1;1591.11;2254.4;0.02;0
21-03-22 09:30;0.00:15:00;Offshore;Federal;Elia;47.04;381.33;139.48;554.93;457.6;181.21;745.01;425.38;132.31;786.33;281.63;0.1;1605.21;2254.4;0.02;0
21-03-22 09:15;0.00:15:00;Offshore;Federal;Elia;43.93;386.88;140.84;562;452.14;171.93;735.53;426.29;137.96;780.34;287.91;0.1;1615.14;2254.4;0.02;0
21-03-22 09:00;0.00:15:00;Offshore;Federal;Elia;42.65;391.56;140.74;573.79;446.21;163.08;731.13;425.72;139.22;778.76;289.89;0.1;1625.1;2254.4;0.02;0
21-03-22 08:45;0.00:15:00;Offshore;Federal;Elia;50.43;383.56;134.02;565.18;426.02;150.72;713.05;408.62;132.8;762.12;301.64;1.06;1635.1;2254.4;0.02;0
21-03-22 08:30;0.00:15:00;Offshore;Federal;Elia;53.46;375.01;126.84;558.06;407.45;137.35;698.58;392.19;125.9;748.75;305.95;1.15;1639.21;2254.4;0.02;0
21-03-22 08:15;0.00:15:00;Offshore;Federal;Elia;49.32;367.2;117.87;551.61;388.72;124.15;682.57;375.92;118.56;734.25;309.66;1.2;1652.53;2254.4;0.02;0
21-03-22 08:00;0.00:15:00;Offshore;Federal;Elia;47.98;359.31;109.3;543.02;370.46;109.45;667.21;359.45;108.44;719.94;315.59;1.22;1659.2;2254.4;0.02;0
21-03-22 07:45;0.00:15:00;Offshore;Federal;Elia;46.36;348.99;103.45;527.85;337.98;91.29;631.77;326.85;89.52;684.65;327.44;1.26;1718.49;2254.4;0.02;0
21-03-22 07:30;0.00:15:00;Offshore;Federal;Elia;38.48;340.07;100.63;512.89;308.18;76.37;597.27;295.76;72.05;649.46;342.4;1.3;1748.73;2254.4;0.02;0
21-03-22 07:15;0.00:15:00;Offshore;Federal;Elia;36.58;331.26;95.06;495.46;280.65;65.95;574.61;266.68;57.6;626.06;358.28;1.34;1762.1;2254.4;0.02;0
21-03-22 07:00;0.00:15:00;Offshore;Federal;Elia;28.57;323.33;88.02;494.1;255.18;53.79;493.75;240.02;54.55;492.4;376.1;1.44;1756.89;2254.4;0.01;0
21-03-22 06:45;0.00:15:00;Offshore;Federal;Elia;34.2;331.18;95.33;482.63;233.61;49.03;472.52;217.94;42.78;470.12;379.03;1.49;1749.62;2254.4;0.02;0
21-03-22 06:30;0.00:15:00;Offshore;Federal;Elia;28.9;333.22;97.36;488.89;214.28;44.41;443.39;196.49;35.78;438.2;382.71;1.5;1742.8;2254.4;0.01;0
21-03-22 06:15;0.00:15:00;Offshore;Federal;Elia;37.18;335.69;97.86;487.06;195.37;36.79;424.49;177.76;26.96;418.91;386.87;1.52;1770.13;2254.4;0.02;0
21-03-22 06:00;0.00:15:00;Offshore;Federal;Elia;44.2;339.2;100.01;496.1;176.57;31.95;408.13;161.11;23.08;402.83;392.37;3.61;1766.01;2254.4;0.02;0
21-03-22 05:45;0.00:15:00;Offshore;Federal;Elia;44.52;344.3;104.79;499.08;162.06;31.48;390.44;149.47;20.72;386.33;408.65;3.95;1756.28;2254.4;0.02;0
21-03-22 05:30;0.00:15:00;Offshore;Federal;Elia;27.65;348.84;104.73;499.17;148.72;31.28;376.58;137.85;18.74;372.89;412.28;4.35;1743.24;2254.4;0.01;0
21-03-22 05:15;0.00:15:00;Offshore;Federal;Elia;25.59;354.3;105.97;506.28;137.19;30.58;368.81;126.4;14.71;364.72;411.23;4.75;1732.98;2254.4;0.01;0
21-03-22 05:00;0.00:15:00;Offshore;Federal;Elia;32.28;359.37;106.31;512.24;127.57;26.72;362.83;115.91;7.29;358.08;410.01;5.01;1724.94;2254.4;0.01;0
21-03-22 04:45;0.00:15:00;Offshore;Federal;Elia;37.56;362.35;105.25;510.59;122.53;22.61;352.79;112.31;6.22;348.65;409.58;7.24;1720.35;2254.4;0.02;0
21-03-22 04:30;0.00:15:00;Offshore;Federal;Elia;47.64;365.47;103.14;511.86;116.56;20.68;341.84;109.37;3.58;339.96;413.44;7.91;1710.58;2254.4;0.02;0
21-03-22 04:15;0.00:15:00;Offshore;Federal;Elia;39.7;367.48;98.87;517.41;112.53;18.14;336.5;106.37;1.21;335.07;417.33;8.17;1738.61;2254.4;0.02;0
21-03-22 04:00;0.00:15:00;Offshore;Federal;Elia;34.91;370.41;98.45;547.01;110.02;17.39;282.93;104.22;0.0;269.85;421.24;9.22;1667;2254.4;0.02;0
21-03-22 03:45;0.00:15:00;Offshore;Federal;Elia;49.95;385.44;100.57;560.1;102.09;15.97;272.23;97.16;0.0;259.45;431.64;19.68;1642.52;2254.4;0.02;0
21-03-22 03:30;0.00:15:00;Offshore;Federal;Elia;68.34;400.92;103.11;574.49;95.16;13.93;264.91;90.06;0.0;252.12;442.73;20.26;1639.47;2254.4;0.03;0
21-03-22 03:15;0.00:15:00;Offshore;Federal;Elia;70.54;414.96;101.42;585.63;88.89;13.31;259.33;84.02;0.0;246.65;454.04;20.96;1623.77;2254.4;0.03;0
21-03-22 03:00;0.00:15:00;Offshore;Federal;Elia;63.0;432.44;104.06;611.6;82.88;4.49;250.8;78.83;0.0;238.11;472.81;21.14;1628.69;2254.4;0.03;0
21-03-22 02:45;0.00:15:00;Offshore;Federal;Elia;35.59;447.79;107.66;614.3;73.04;4.12;241.14;69.54;0.0;228.34;490.09;21.71;1636.54;2254.4;0.02;0
21-03-22 02:30;0.00:15:00;Offshore;Federal;Elia;25.63;462.94;105.77;624.75;64.88;3.09;235.02;61.64;0.0;222.08;512.55;21.99;1638.87;2254.4;0.01;0
21-03-22 02:15;0.00:15:00;Offshore;Federal;Elia;31.65;480.9;111.55;654.72;56.92;0.74;228.47;54.83;0.0;216.18;526;29.08;1644.51;2254.4;0.01;0
21-03-22 02:00;0.00:15:00;Offshore;Federal;Elia;47.63;500.24;118.07;676.73;50.39;0.59;223.45;49.9;0.0;211.33;531.03;31.07;1656.46;2254.4;0.02;0
21-03-22 01:45;0.00:15:00;Offshore;Federal;Elia;55.58;459.3;101.74;633.88;48.73;1.18;222.72;48.6;0.55;210.59;530.12;31.93;1639.91;2254.4;0.02;0
21-03-22 01:30;0.00:15:00;Offshore;Federal;Elia;74.6;421.13;85.12;587.65;48.1;1.14;220.75;47.96;0.58;208.6;529.28;32.82;1633.43;2254.4;0.03;0
21-03-22 01:15;0.00:15:00;Offshore;Federal;Elia;84.45;386.1;71.76;540.88;49.14;1.17;219.29;48.49;0.58;207.04;531.8;33.74;1620.45;2254.4;0.04;0
21-03-22 01:00;0.00:15:00;Offshore;Federal;Elia;51.35;353.99;59.49;508.94;50.34;0.97;305.46;49.66;0.49;163.59;538.39;34.69;1633.79;2254.4;0.02;0
21-03-22 00:45;0.00:15:00;Offshore;Federal;Elia;28.06;212.6;45.79;312.6;51.92;0.0;311.83;51.34;0.0;170.09;574.73;36.34;1645.69;2254.4;0.01;0
21-03-22 00:30;0.00:15:00;Offshore;Federal;Elia;28.86;221.38;49.19;320.38;54.16;0.0;324.22;53.69;0.0;182.69;604.75;39.14;1657.66;2254.4;0.01;0
21-03-22 00:15;0.00:15:00;Offshore;Federal;Elia;41.18;229.98;57.02;328.05;56.62;0.0;330.74;57.42;0.0;189.79;626.35;39.55;1715.52;2254.4;0.02;0
21-03-22 00:00;0.00:15:00;Offshore;Federal;Elia;51.06;238.37;62.39;333.54;60.55;0.0;342.41;61.07;0.0;201.54;618.16;39.56;1727;2254.4;0.02;0
